AccelerometerX,AccelerometerY,AccelerometerZ,GyroscopeX,GyroscopeY,GyroscopeZ,Trigger
232,-1694,1543,-453,338,249,0
52,-1611,1590,-446,-1056,389,0
-111,-1517,1826,-362,-1849,586,0
-38,-1416,2317,-125,-1870,813,0
825,-1692,581,64,-1116,931,0
1306,-2380,864,21,366,908,0
1082,-2250,1589,55,3424,901,0
1046,-1694,1475,151,5888,869,0
678,-1029,803,179,6438,748,0
279,-722,458,83,5350,629,0
189,-870,982,-22,3683,570,0
426,-1382,1407,-30,2723,580,0
638,-1750,1374,-36,3258,605,0
540,-1669,1292,-91,4603,550,0
62,-1483,1137,-201,4905,444,0
-396,-1186,1081,-302,4183,381,0
-673,-1035,1191,-360,3154,358,0
-625,-1190,1405,-408,1982,334,0
-292,-1333,1522,-295,1543,262,0
-89,-1457,1378,-169,1981,131,0
148,-1579,1031,-39,2799,-46,0
-287,-1609,987,23,3670,-226,0
-543,-1575,1066,87,3466,-344,0
-600,-1536,1029,288,2947,-384,0
-538,-1576,1169,502,1964,-410,0
-393,-1708,1138,697,995,-454,0
-263,-1764,1451,883,813,-481,0
-303,-1769,1660,1062,1012,-453,0
-321,-1679,1671,1228,1249,-400,0
-410,-1622,1551,1264,1537,-327,0
-492,-1627,1377,1147,1584,-250,0
-563,-1713,1683,1045,1381,-188,0
-524,-1470,1340,974,1369,-184,0
-539,-1570,1432,962,1849,-181,0
-727,-1430,1395,860,1780,-180,0
-714,-1413,1356,850,1895,-131,0
-792,-1451,1279,819,1897,-34,0
-904,-1350,1237,747,1598,105,0
-955,-1269,1299,650,1290,277,0
-978,-1303,1250,528,1151,477,0
-1098,-1347,1348,425,1067,698,0
-1126,-1334,1505,311,708,883,0
-1230,-1307,1543,294,71,963,0
-991,-1373,1321,188,-758,917,0
-596,-1371,1243,37,-1292,760,0
-308,-1359,1167,-118,-1442,560,0
-431,-1314,1000,-211,-1300,413,0
-653,-1319,965,-380,-980,363,0
-896,-1461,913,-505,-473,399,0
-1050,-1959,1316,-567,-853,463,0
-776,-1910,1378,-634,-746,550,0
-659,-1608,1261,-644,-237,612,0
-484,-1531,1586,-661,218,573,0
-441,-1521,1216,-691,525,427,0
-567,-1668,1177,-774,549,263,0
-667,-1629,1259,-845,510,163,1
-578,-1594,1207,-876,760,123,1
-558,-1729,1157,-863,1389,83,1
-845,-1650,1216,-823,1937,57,1
-981,-1603,1530,-725,1824,25,1
-1124,-1625,1709,-537,1603,-20,1
-1329,-1744,1448,-328,1472,-18,1
-1677,-1992,-483,-357,1462,85,1
-2294,-2322,-1598,-849,788,318,1
-2706,-2482,-2037,-1727,1025,695,1
-1780,-2196,1548,-2199,501,908,1
-295,-1811,3081,-1646,1488,735,1
-564,-2353,1431,-1041,2080,249,1
-1659,-2984,597,-784,2762,-188,1
-2103,-2493,710,-616,2279,-534,1
-1879,-2545,825,-389,2394,-833,1
-1897,-2539,608,-162,2653,-1115,1
-2175,-2443,246,-27,2628,-1311,1
-2296,-2450,-5,25,2637,-1392,1
-2257,-2446,-33,63,2838,-1406,1
-2264,-2443,87,153,3044,-1403,1
-2245,-2426,315,312,3093,-1434,1
-2203,-2290,478,545,2943,-1564,1
-1841,-2192,780,846,2398,-1813,1
-1574,-1993,853,1191,2024,-2121,1
-1462,-1922,595,1486,1954,-2393,1
-1425,-1666,406,1686,1985,-2592,1
-1409,-1485,242,1806,2119,-2710,1
-1297,-1274,201,1856,2221,-2758,1
-1064,-938,180,1881,2487,-2747,1
-1138,-889,93,1873,2864,-2648,1
-1169,-816,118,1823,3078,-2474,1
-1056,-711,204,1757,3135,-2303,1
-903,-663,233,1684,3060,-2168,1
-905,-691,155,1598,2997,-2025,1
-905,-668,272,1526,2963,-1868,1
-895,-530,530,1535,2966,-1698,1
-985,-493,670,1612,2767,-1519,1
-977,-562,675,1704,2544,-1313,1
-902,-492,657,1778,2294,-1105,1
-882,-458,662,1828,2178,-873,1
-827,-491,601,1845,2134,-623,1
-714,-562,550,1830,2195,-388,1
-601,-683,473,1797,2302,-193,1
-513,-734,480,1777,2511,-48,1
-507,-761,568,1777,2691,29,1
-758,-942,638,1784,2741,85,1
-1074,-991,775,1798,2540,178,1
-1200,-987,898,1840,2211,292,1
-1201,-969,816,1864,1882,397,1
-1156,-1054,792,1852,1673,492,1
-1151,-1095,690,1821,1584,602,1
-1070,-1189,701,1803,1793,715,1
-976,-1262,918,1853,2052,768,1
-928,-1304,988,1962,2298,736,1
-1096,-1301,1207,2111,2320,636,1
-1182,-1285,1287,2268,2113,512,1
-1357,-1175,1410,2406,1806,390,1
-1582,-1039,1520,2543,1359,334,1
-1612,-977,1513,2670,966,353,1
-1507,-873,1453,2760,694,413,1
-1364,-887,1226,2787,760,493,1
-1356,-885,1234,2768,1042,567,1
-1291,-846,1562,2798,1262,557,1
-1246,-883,1918,2893,1327,441,1
-1546,-835,2291,3007,1135,287,1
-1872,-830,2464,3089,733,187,1
-2000,-810,2401,3060,333,154,1
-1965,-756,2296,2912,77,146,1
-1847,-650,2268,2694,-30,106,1
-1803,-659,2284,2451,-91,27,1
-1703,-588,2380,2232,-170,-104,1
-1641,-564,2456,2063,-223,-277,1
-1658,-550,2483,1939,-212,-455,1
-1469,-436,2423,1834,-169,-645,1
-1542,-487,2351,1729,87,-819,1
-1689,91,2145,1575,301,-1001,1
-1775,-35,2245,1361,429,-1238,1
-1851,-263,2254,1016,123,-1541,1
-1759,-185,2154,541,-325,-1895,1
-1421,-149,1855,-38,-731,-2327,1
-633,-53,1496,-666,-942,-2867,1
-146,20,1099,-1310,-257,-3386,1
-619,-216,1109,-1896,883,-3713,1
-1538,-344,1682,-2298,1456,-3760,1
-2112,-611,2114,-2491,887,-3570,1
-2299,-208,2325,-2483,-109,-3129,0
-2556,77,2169,-2299,12,-2480,0
-2212,43,2147,-2024,99,-1776,0
-1412,-92,1573,-1769,1501,-1201,0
-1383,-316,1472,-1522,2025,-845,0
-1217,-513,1440,-1252,1222,-637,0
-1247,-595,1092,-1019,-554,-475,0
-1039,-884,657,-868,-1384,-285,0
-1004,-1267,775,-744,-1478,-87,0
-727,-1590,951,-647,-1109,60,0
-787,-1053,1424,-559,-883,139,0
-746,-478,1263,-502,-650,174,0
-709,-332,866,-571,-646,163,0
-634,-341,283,-789,-942,155,0
-517,-700,397,-1073,-883,210,0
-515,-1070,597,-1305,-609,336,0
-640,-1007,744,-1467,-330,515,0
-727,-1298,528,-1614,15,720,0
-781,-1307,678,-1728,6,898,0
-890,-1435,748,-1792,-113,1044,0
-927,-1462,804,-1796,-630,1148,0
-821,-1485,833,-1750,-1219,1194,0
-640,-1469,881,-1660,-1637,1167,0
-327,-1430,877,-1542,-1615,1063,0
-84,-1348,757,-1435,-1247,875,0
-27,-1350,626,-1358,-789,650,0
-198,-1498,699,-1306,-395,440,0
-463,-1659,694,-1272,-205,286,0
-715,-1692,697,-1265,-113,212,0
-876,-1647,715,-1272,-207,201,0
-958,-1537,747,-1276,-356,237,0
-955,-1495,782,-1276,-494,300,0
-973,-1521,764,-1278,-587,379,0
-1082,-1665,590,-1311,-665,483,0
-1183,-1797,408,-1396,-892,614,0
-1039,-1931,380,-1495,-1053,758,0
-768,-2067,508,-1550,-836,872,0
-683,-2062,506,-1547,-327,929,0
-791,-1997,386,-1527,11,947,0
-891,-1932,329,-1502,-24,954,0
-917,-1930,411,-1460,37,952,0
-954,-1924,476,-1405,161,925,0
-1058,-1926,441,-1362,132,869,0
-1197,-1944,456,-1342,-204,802,0
-1186,-1956,478,-1317,-642,739,0
-985,-1955,396,-1275,-804,668,0
-904,-2010,325,-1214,-784,595,0
-930,-2034,316,-1122,-496,567,0
-1048,-2133,305,-998,-145,576,0
-1091,-2103,347,-857,413,592,0
-1307,-1950,477,-687,598,580,0
-1429,-1811,479,-517,439,549,0
-1390,-1755,469,-375,50,484,0
-1356,-1797,482,-267,-283,401,0
-1354,-1845,382,-195,-548,329,0
-1304,-1847,234,-179,-673,282,0
-1226,-1842,168,-198,-602,251,0
-1195,-1831,161,-223,-413,227,0
-1217,-1822,231,-238,-213,203,0
-1237,-1792,268,-235,-64,177,0
-1259,-1762,258,-224,-5,143,0
-1206,-1727,284,-209,-25,100,0
-1175,-1746,389,-176,-40,50,0
-1159,-1782,442,-125,-58,0,0
-1166,-1771,473,-63,-105,-44,0
-1204,-1722,480,3,-193,-72,0
-1200,-1689,462,62,-290,-87,0
-1222,-1681,502,115,-376,-86,0
-1230,-1683,495,160,-463,-72,0
-1225,-1656,482,188,-599,-49,0
-1199,-1645,500,206,-707,-16,0
-1213,-1657,528,218,-705,30,0
-1251,-1689,519,224,-713,83,0
-1181,-1718,556,229,-799,127,0
-1143,-1737,716,261,-875,151,0
-1083,-1693,823,327,-984,165,0
-953,-1817,774,380,-1088,214,0
-1392,-1853,881,420,-648,398,0
-1466,-1762,728,448,-358,608,0
-1529,-1613,849,450,-453,759,0
-1370,-1647,1020,465,-449,834,0
-1352,-1620,1037,458,-498,834,0
-1431,-1549,996,410,-460,802,0
-1424,-1494,914,305,-540,720,0
-1367,-1475,911,149,-650,576,0
-1352,-1566,953,-23,-646,376,1
-1389,-1505,980,-184,-672,157,1
-1148,-1514,1176,-319,-727,-124,1
-1175,-1442,1409,-402,-506,-421,1
-1310,-1380,1305,-473,-297,-668,1
-1417,-1297,1209,-581,-215,-852,1
-1451,-1205,1174,-718,-130,-979,1
-1529,-1110,1102,-886,-94,-1058,1
-1602,-1062,1073,-1096,-206,-1086,1
-1496,-1077,948,-1327,-241,-1035,1
-955,-1154,1021,-1585,-660,-1038,1
-959,-883,900,-1804,-562,-1047,1
-857,-827,657,-2041,-337,-989,1
-700,-775,622,-2274,-85,-902,1
-658,-784,650,-2467,308,-803,1
-786,-835,678,-2617,511,-684,1
-856,-773,727,-2728,456,-530,1
-855,-688,717,-2800,369,-327,1
-919,-640,738,-2846,273,-66,1
-987,-595,766,-2859,167,242,1
-1028,-551,624,-2874,-64,572,1
-1103,-575,537,-2919,-340,922,1
-1180,-563,477,-2978,-644,1284,1
-1237,-587,407,-3044,-1016,1643,1
-1290,-605,427,-3106,-1326,2006,1
-1340,-464,321,-3178,-1557,2342,1
-1375,-560,180,-3280,-1815,2619,1
-1265,-631,82,-3406,-2076,2828,1
-1422,-530,-60,-3541,-1982,2982,1
-1510,-701,-450,-3723,-1667,3197,1
-639,-837,-539,-3981,-1660,3225,1
-989,-537,-601,-4223,-1177,3080,1
-912,-1163,-677,-4480,-1258,2861,1
-1072,-1003,-307,-4635,-1270,2541,1
-1310,-1115,-182,-4641,-1371,2226,1
-1357,-1106,-51,-4533,-1435,1948,1
-1500,-952,-55,-4347,-1340,1711,1
-1796,-892,-267,-4159,-1164,1541,1
-2208,-841,-720,-4055,-785,1472,1
-2429,-898,-1036,-4056,-382,1435,1
-2554,-926,-1057,-4082,-137,1340,1
-2665,-1112,-910,-4042,-85,1166,1
-2639,-1171,-709,-3896,-287,914,1
-2602,-1144,-485,-3630,-667,600,1
-2524,-1067,-339,-3274,-1159,277,1
-2486,-1003,-284,-2883,-1607,-12,1
-2521,-914,-430,-2543,-1914,-193,1
-2374,-791,-747,-2277,-1968,-316,1
-2442,-791,-1066,-2158,-1831,-426,1
-2622,-774,-1244,-2133,-1502,-500,1
-2598,-770,-1247,-2103,-1174,-604,1
-2778,-1035,-909,-1945,-998,-785,1
-3195,-1365,-664,-1583,-1177,-984,1
-3080,-1174,-728,-1035,-1807,-1259,1
-3050,-1187,-908,-444,-2169,-1588,1
-3143,-1186,-1167,41,-2585,-1847,1
-2945,-1150,-1513,373,-2682,-2038,1
-2839,-1245,-1696,560,-2563,-2209,1
-2787,-1250,-1729,682,-2228,-2329,1
-2601,-1241,-1822,763,-1640,-2435,1
-2669,-1461,-1768,893,-1064,-2589,1
-2700,-1520,-1443,1170,-1072,-2816,1
-2807,-1518,-1528,1551,-953,-3031,1
-2983,-1271,-1677,1893,-1194,-3159,1
-3006,-1270,-1881,2115,-1389,-3148,1
-3045,-1136,-2175,2187,-1456,-2990,1
-2621,-1081,-2111,2168,-1312,-2770,1
-2417,-1163,-2082,2149,-893,-2583,1
-1987,-1384,-1849,2181,-701,-2510,1
-1682,-1361,-1682,2286,-346,-2547,1
-1723,-1383,-1630,2412,26,-2581,1
-1811,-1314,-1502,2541,239,-2524,1
-1833,-1270,-1331,2688,457,-2367,1
-1786,-1230,-1223,2832,569,-2152,1
-1651,-1191,-1117,2965,550,-1928,1
-1530,-1067,-1077,3078,506,-1712,1
-1458,-778,-1085,3143,266,-1523,1
-1335,-823,-1029,3124,-20,-1375,1
-1256,-972,-923,3011,-226,-1240,1
-1109,-870,-777,2872,-257,-1104,1
-871,-738,-695,2731,-121,-992,1
-825,-756,-599,2563,193,-865,1
-919,-826,-496,2351,657,-675,1
-1156,-1183,-336,2128,985,-465,1
-1143,-1333,70,1970,1063,-294,1
-1339,-1477,512,1937,990,-197,1
-1409,-1607,668,2024,512,-161,1
-988,-1434,650,2168,230,-211,1
-832,-1253,343,2249,480,-323,0
-967,-1231,143,2209,1093,-419,0
-993,-1205,147,2103,1591,-481,0
-1158,-932,206,2003,1608,-613,0
-898,-984,739,1958,1334,-793,0
-943,-1266,845,1958,1694,-907,0
-1518,-1222,521,1871,2647,-808,0
-2166,-1042,674,1728,3120,-497,0
-2443,-962,890,1584,2824,-74,0
-2479,-896,952,1424,2469,381,0
-2487,-786,724,1230,2155,805,0
-2512,-798,654,1012,1688,1158,0
-2230,-818,846,830,979,1377,0
-1812,-778,1022,719,593,1440,0
-1332,-709,1053,666,711,1348,0
-1097,-647,1055,660,1039,1144,0
-770,-708,999,686,1102,848,0
-424,-768,925,731,1163,470,0
-484,-724,983,794,1132,44,0
-984,-629,1125,897,1482,-287,0
-1389,-699,1168,1016,1665,-473,0
-1631,-810,1230,1116,1418,-554,0
-1745,-866,1192,1173,1113,-560,0
-1748,-836,1028,1159,938,-523,0
-1693,-763,886,1073,754,-468,0
-1601,-727,858,940,602,-425,0
-1555,-678,916,793,495,-399,0
-1533,-600,1000,661,401,-392,0
-1478,-540,1050,550,155,-418,0
-1334,-514,1055,456,-158,-471,0
-1185,-554,1050,369,-322,-533,0
-1068,-655,1026,284,-238,-581,0
-1074,-791,1115,209,0,-598,0
-1210,-851,1212,170,252,-574,0
-1362,-838,1238,158,441,-510,0
-1469,-821,1282,161,479,-418,0
-1462,-810,1363,176,312,-330,0
-1409,-814,1417,200,132,-261,0
-1345,-829,1379,207,-59,-209,0
-1346,-860,1294,175,-199,-160,0
-1388,-926,1172,87,-204,-94,0
-1463,-1003,1072,-54,-217,-17,0
-1431,-1017,984,-230,-187,57,0
-1437,-993,1054,-401,-119,118,0
-1385,-962,1112,-536,-164,154,0
-1343,-920,1216,-625,-184,173,0
-1332,-865,1286,-676,-115,189,0
-1356,-886,1316,-713,-41,204,0
-1444,-954,1323,-762,7,228,0
-1459,-1049,1245,-838,14,256,0
-1434,-1140,1199,-942,47,265,0
-1443,-1202,1177,-1054,80,247,0
-1460,-1254,1137,-1163,49,208,0
-1525,-1319,1061,-1273,-21,162,0
-1603,-1404,996,-1378,-126,129,0
-1585,-1499,981,-1471,-260,105,0
-1548,-1581,1006,-1535,-325,78,0
-1539,-1519,989,-1567,-379,44,0
-1525,-1677,933,-1579,-361,11,0
-1565,-1717,982,-1565,-379,-21,0
-1592,-1717,954,-1524,-442,-40,0
-1558,-1829,919,-1459,-401,-63,0
-1489,-1836,833,-1381,-412,-117,0
-1443,-1805,770,-1295,-473,-203,0
-1370,-1761,736,-1192,-495,-313,0
-1358,-1718,660,-1085,-497,-424,0
-1428,-1721,648,-983,-509,-510,0
-1454,-1717,581,-900,-541,-563,0
-1464,-1698,565,-832,-556,-591,0
-1425,-1670,484,-785,-556,-605,0
-1369,-1637,403,-755,-568,-616,0
-1344,-1672,363,-730,-530,-623,0
-937,-1699,344,-703,-290,-624,0
-1322,-1688,178,-678,-132,-620,0
-1520,-1702,293,-640,-68,-567,0
-1274,-1576,307,-581,-213,-523,0
-1191,-1389,387,-520,-383,-532,0
-1135,-1299,368,-482,-553,-559,0
-1202,-1183,361,-465,-721,-566,1
-1268,-1226,323,-479,-738,-500,1
-1140,-1179,300,-535,-597,-356,1
-977,-1017,302,-619,-475,-225,1
-895,-944,358,-708,-402,-120,1
-881,-880,361,-798,-304,-7,1
-909,-786,284,-908,-265,124,1
-876,-751,210,-1060,-267,278,1
-894,-737,87,-1254,-176,454,1
-945,-681,-28,-1479,-99,651,1
-948,-713,-57,-1701,-21,856,1
-971,-776,-142,-1897,122,1071,1
-905,-841,-54,-2029,350,1265,1
-896,-911,55,-2053,574,1402,1
-998,-938,155,-1977,593,1486,1
-1117,-921,253,-1819,353,1553,1
-1141,-769,229,-1619,-9,1623,1
-1067,-702,37,-1441,-339,1693,1
-1159,-678,-265,-1334,-457,1798,1
-1275,-635,-448,-1288,-438,1964,1
-1394,-662,-578,-1264,-247,2177,1
-1563,-733,-727,-1265,47,2416,1
-1636,-774,-760,-1270,233,2622,1
-1589,-828,-674,-1245,250,2729,1
-1486,-898,-564,-1168,93,2712,1
-1315,-940,-468,-1030,-153,2591,1
-1266,-903,-563,-831,-286,2410,1
-1497,-894,-848,-625,-118,2278,1
-1727,-914,-1109,-466,245,2220,1
-1886,-953,-1195,-342,541,2189,1
-2011,-1018,-1175,-215,755,2148,1
-2314,-806,-1150,-57,913,2100,1
-1764,-1423,-901,132,800,2038,1
-1937,-972,-650,394,527,1880,1
-2241,-1027,-759,716,495,1797,1
-2593,-1166,-979,990,455,1789,1
-2769,-1227,-1081,1213,434,1828,1
-2783,-1306,-1019,1444,395,1814,1
-2794,-1249,-927,1679,256,1787,1
-2381,-1166,-772,1993,-1,1599,1
-2471,-1275,-833,2272,-50,1333,1
-2271,-1144,-834,2513,-33,1060,1
-2154,-1029,-820,2711,157,770,1
-2333,-989,-736,2854,389,541,1
-2673,-943,-677,2959,479,436,1
-2799,-892,-623,3043,370,426,1
-2790,-915,-565,3106,265,442,1
-2767,-898,-408,3177,145,450,1
-2702,-866,-225,3284,-18,433,1
-2668,-867,-107,3416,-104,401,1
-2630,-900,-19,3545,-128,360,1
-2637,-849,4,3643,-70,316,1
-2612,-793,-4,3679,22,256,1
-2509,-719,-62,3633,195,153,1
-2443,-687,-133,3495,415,-8,1
-2533,-644,-194,3273,605,-201,1
-2599,-609,-176,3003,665,-405,1
-2670,-553,-109,2740,652,-606,1
-2742,-574,7,2524,573,-781,1
-2657,-568,151,2400,392,-931,1
-2641,-605,344,2373,269,-1032,1
-2512,-553,512,2454,112,-1108,1
-2667,-534,635,2601,-42,-1133,1
-2739,-564,737,2770,-187,-1073,1
-2703,-467,763,2907,-382,-981,1
-2586,-441,675,2971,-522,-900,1
-2441,-436,539,2923,-662,-864,1
-2238,-369,404,2774,-761,-876,1
-2109,-376,372,2560,-771,-926,1
-2004,-406,408,2339,-773,-993,1
-1862,-473,580,2153,-730,-1074,1
-1953,-471,720,2019,-655,-1137,1
-2032,-513,941,1947,-683,-1154,1
-2002,-512,1132,1941,-676,-1150,1
-1992,-524,1109,1947,-581,-1142,1
-2020,-404,1024,1915,-475,-1152,1
-2086,-384,932,1821,-516,-1197,1
-2128,-502,926,1678,-659,-1261,1
-2084,-513,973,1508,-746,-1327,1
-1904,-480,1059,1354,-856,-1431,1
-1778,-461,1145,1217,-895,-1568,1
-1785,-426,1311,1103,-880,-1687,1
-1795,-360,1380,1014,-702,-1755,1
-1901,-320,1345,914,-513,-1778,1
-2084,-398,1240,786,-395,-1745,1
-2162,-500,1244,659,-421,-1678,1
-2019,-613,1362,583,-563,-1651,1
-1864,-628,1293,523,-848,-1696,1
-1576,-626,1152,403,-1196,-1799,1
-1343,-514,998,208,-1274,-1915,1
-1242,-495,859,-55,-1149,-2002,1
-1152,-531,774,-350,-984,-2033,1
-1096,-576,869,-600,-619,-1995,1
-1223,-798,1189,-687,-130,-1906,0
-1528,-894,1501,-574,99,-1811,0
-1275,-947,1607,-329,94,-1721,0
-1200,-625,1293,-25,-37,-1626,0
-1153,-819,1352,260,-70,-1496,0
-1344,-1031,1108,407,125,-1283,0
-1488,-1120,817,416,140,-1003,0
-1348,-1049,679,310,-148,-733,0
-1177,-1047,629,136,-254,-498,0
-1014,-1023,494,-87,50,-331,0
-936,-907,381,-334,13,-269,0
-845,-924,440,-565,-288,-263,0
-677,-1069,679,-716,-383,-283,0
-655,-1170,822,-772,-263,-325,0
-771,-1154,824,-764,-165,-361,0
-806,-1129,785,-725,-178,-391,0
-770,-1122,794,-663,-185,-427,0
-710,-1127,760,-591,-107,-470,0
-710,-1194,731,-528,-3,-515,0
-771,-1286,664,-488,70,-549,0
-855,-1348,569,-491,95,-558,0
-904,-1391,527,-535,88,-545,0
-958,-1400,516,-599,48,-509,0
-990,-1407,546,-650,-5,-455,0
-937,-1427,621,-659,-53,-399,0
-887,-1452,721,-618,-90,-351,0
-836,-1473,772,-528,-75,-309,0
-850,-1461,763,-408,-2,-260,0
-914,-1473,741,-278,53,-194,0
-1022,-1509,744,-157,83,-106,0
-1084,-1543,716,-61,75,-4,0
-1096,-1555,624,-24,69,87,0
-1082,-1561,498,-54,53,152,0
-1017,-1550,441,-138,35,184,0
-984,-1527,464,-241,7,180,0
-1034,-1511,498,-335,-68,161,0
-1049,-1523,500,-416,-175,148,0
-1018,-1572,607,-463,-240,138,0
-917,-1615,667,-467,-160,124,0
-972,-1630,702,-434,-17,114,0
-990,-1657,710,-387,25,110,0
-996,-1692,777,-328,28,106,0
-1052,-1705,775,-258,95,112,0
-1158,-1707,710,-197,152,138,0
-1227,-1701,670,-156,93,173,0
-1240,-1696,669,-130,-4,205,0
-1200,-1693,675,-115,-89,223,0
-1193,-1674,670,-110,-165,225,0
-1199,-1679,671,-112,-233,215,0
-1166,-1680,672,-120,-318,183,0
-1128,-1650,653,-131,-434,128,0
-1076,-1603,629,-142,-580,65,0
-991,-1602,666,-148,-563,7,0
-1018,-1635,705,-132,-354,-22,0
-1098,-1672,662,-110,-124,-20,0
-1239,-1692,701,-88,-15,10,0
-1340,-1689,717,-58,-33,54,0
-1255,-1613,711,-31,-225,72,0
-1215,-1560,836,6,-414,62,0
-877,-1568,825,38,-359,63,0
-1281,-1646,733,30,-188,99,0
-1433,-1652,701,1,95,195,0
-1377,-1467,621,-59,-23,278,0
-1322,-1484,640,-145,-104,326,0
-1289,-1507,663,-242,-158,366,0
-1285,-1466,691,-351,-122,402,0
-1239,-1456,746,-444,-77,408,1
-983,-1544,904,-491,-102,358,1
-1037,-1612,1073,-457,-157,258,1
-1159,-1621,1160,-350,-230,143,1
-1207,-1571,1186,-212,-291,50,1
-1263,-1714,1197,-85,-262,-5,1
-1286,-1538,1029,-19,-208,-27,1
-1319,-1503,904,-43,-133,-39,1
-1384,-1496,843,-133,-154,-35,1
-1393,-1492,846,-256,-186,-17,1
-1411,-1443,937,-367,-221,4,1
-1460,-1370,1105,-423,-262,24,1
-1457,-1314,1299,-406,-279,20,1
-1475,-1316,1409,-339,-383,-12,1
-1448,-1264,1404,-273,-562,-65,1
-1386,-1229,1318,-249,-731,-134,1
-1347,-1235,1165,-298,-803,-196,1
-1247,-1207,1078,-427,-818,-254,1
-1209,-1209,995,-610,-821,-316,1
-1244,-1333,986,-824,-883,-350,1
-1205,-1298,1008,-1030,-823,-340,1
-1203,-1254,985,-1214,-779,-316,1
-1212,-1202,1005,-1368,-756,-263,1
-1205,-1211,989,-1500,-677,-189,1
-1233,-1218,982,-1619,-681,-107,1
-1217,-1299,962,-1720,-682,-30,1
-1157,-1398,1000,-1798,-764,22,1
-1126,-1374,940,-1852,-766,53,1
-1082,-1328,808,-1914,-807,67,1
-1013,-1309,696,-2011,-820,55,1
-983,-1291,579,-2136,-846,20,1
-927,-1264,533,-2269,-799,-25,1
-886,-1215,472,-2397,-709,-82,1
-846,-1229,415,-2521,-611,-146,1
-922,-1236,369,-2632,-459,-184,1
-1009,-1160,287,-2738,-300,-184,1
-1019,-1164,239,-2850,-213,-167,1
-1069,-1103,217,-2958,-174,-138,1
-1097,-1021,160,-3062,-193,-104,1
-1217,-1046,26,-3184,-245,-56,1
-1325,-1066,-151,-3334,-410,14,1
-1265,-1057,-265,-3484,-593,81,1
-1191,-1088,-406,-3615,-648,122,1
-1095,-1074,-490,-3709,-662,129,1
-942,-1064,-575,-3762,-580,89,1
-819,-1104,-614,-3772,-408,-4,1
-749,-1029,-555,-3724,-287,-133,1
-696,-1047,-499,-3629,-149,-277,1
-758,-1004,-445,-3502,-146,-403,1
-815,-835,-479,-3367,-135,-474,1
-1040,-855,-731,-3296,-133,-468,1
-1168,-757,-1015,-3325,-185,-376,1
-1082,-688,-1209,-3428,-228,-275,1
-1037,-711,-1413,-3574,-271,-197,1
-931,-657,-1469,-3719,-290,-133,1
-772,-690,-1405,-3800,-154,-77,1
-756,-617,-1261,-3782,131,-21,1
-812,-598,-1145,-3686,329,32,1
-919,-600,-991,-3540,238,85,1
-1035,-484,-946,-3358,-30,155,1
-1180,-497,-1332,-3215,-303,260,1
-1167,-541,-1829,-3184,-456,385,1
-971,-485,-2116,-3224,-474,455,1
-804,-583,-2245,-3271,-405,437,1
-746,-565,-2325,-2815,-366,367,1
-721,-526,-2346,-3407,-134,292,1
-754,-565,-2147,-3315,-63,240,1
-740,-468,-1941,-3113,-63,201,1
-704,-426,-1669,-2798,-170,177,1
-760,-327,-1536,-2404,-388,179,1
-806,-237,-1527,-1999,-752,231,1
-882,-134,-1766,-1666,-1104,364,1
-808,-19,-2048,-1444,-1291,564,1
-684,49,-2348,-1331,-1269,783,1
-653,104,-2690,-1246,-1023,1002,1
-594,91,-2688,-1295,-688,1191,1
-608,43,-2500,-1348,-424,1310,1
-791,38,-2250,-1252,-420,1403,1
-859,44,-2040,-1048,-591,1487,1
-922,38,-1989,-789,-816,1567,1
-815,88,-1847,-484,-1027,1642,1
-762,158,-1890,-182,-1028,1690,1
-916,117,-2009,63,-991,1750,1
-902,157,-2014,244,-879,1813,1
-979,169,-1941,398,-725,1852,1
-1142,182,-1814,538,-629,1884,1
-1222,162,-1620,692,-615,1912,1
-1255,166,-1532,854,-628,1929,1
-1344,200,-1519,995,-670,1943,1
-1440,232,-1489,1107,-712,1971,1
-1628,226,-1439,1197,-784,2030,1
-1785,185,-1346,1288,-887,2122,1
-1802,205,-1288,1389,-1043,2197,1
-1749,141,-1212,1510,-1252,2226,1
-1716,77,-1199,1619,-1373,2223,1
-1662,66,-1101,1730,-1435,2165,1
-1803,50,-985,1851,-1421,2103,1
-1990,183,-1310,1902,-1349,2098,1
-2055,-54,-162,1928,-1237,2085,1
-2178,127,-792,2032,-1174,2050,1
-2265,133,-839,2033,-1294,1989,1
-2294,164,-887,1989,-1521,1914,1
-2230,171,-776,1940,-1657,1860,1
-2219,161,-807,1898,-1624,1831,1
-2120,158,-956,1824,-1486,1831,1
-1979,187,-1043,1711,-1279,1824,1
-1905,127,-1081,1570,-1010,1802,1
-1907,48,-1113,1414,-685,1767,1
-1975,24,-892,1304,-497,1710,1
-2297,44,-615,1276,-489,1664,1
-2468,-61,-401,1333,-823,1641,1
-2421,-54,-327,1444,-1171,1594,1
-2481,-36,-420,1536,-1445,1556,1
-2375,71,-485,1606,-1597,1540,1
-2441,73,-697,1641,-1445,1554,1
-2482,-71,-944,1595,-1143,1601,1
-2324,-124,-943,1508,-875,1596,1
-2239,-191,-962,1426,-654,1507,1
-2160,-235,-921,1367,-461,1361,1
-2136,-203,-788,1334,-305,1187,1
-2227,-218,-669,1351,-209,1020,1
-2404,-154,-474,1419,-273,901,1
-2523,-107,-229,1548,-405,839,1
-2644,-55,-175,1715,-618,822,1
-2712,69,-197,1878,-954,847,1
-2740,108,-240,2019,-1196,919,0
-2730,41,-230,2115,-1307,1016,0
-2584,150,-334,2150,-1471,1127,0
-2508,148,-454,2141,-1619,1198,0
-2617,320,-682,2078,-2064,1211,0
-2145,159,-340,2007,-1940,1172,0
-1940,5,-251,1924,-1479,1065,0
-2054,2,-395,1797,-1044,930,0
-2130,78,-540,1627,-1192,783,0
-2123,267,-466,1470,-1381,626,0
-2018,363,-342,1356,-1401,459,0
-2010,333,-284,1274,-1292,297,0
-2069,198,-347,1188,-1203,165,0
-2172,107,-333,1089,-1129,82,0
-2245,85,-302,1001,-1028,48,0
-2290,82,-271,932,-937,45,0
-2293,89,-189,884,-914,47,0
-2244,75,-94,866,-924,46,0
-2191,48,-45,872,-928,32,0
-2164,49,-44,885,-936,15,0
-2124,46,-75,890,-922,-3,0
-2091,43,-126,877,-834,-25,0
-2100,62,-195,835,-713,-50,0
-2113,77,-252,763,-632,-76,0
-2088,35,-247,669,-551,-106,0
-2031,-26,-191,571,-434,-155,0
-2016,-16,-126,490,-357,-223,0
-2042,-8,-41,428,-321,-296,0
-2106,-12,23,392,-330,-360,0
-2252,13,-43,365,-390,-385,0
-2292,4,-70,330,-512,-364,0
-2235,16,-37,302,-527,-320,0
-2208,37,-30,288,-439,-262,0
-2182,24,-39,274,-367,-201,0
-2143,17,-36,259,-293,-142,0
-2082,17,-16,237,-172,-94,0
-2051,33,-24,212,-41,-68,0
-2030,63,-37,175,-4,-69,0
-2064,86,-11,130,8,-88,0
-2120,105,-66,75,6,-116,0
-2150,113,-103,3,-57,-149,0
-2106,137,-96,-70,-123,-190,0
-2049,146,-92,-134,-135,-241,0
-2042,141,-73,-187,-101,-287,0
-2059,122,-3,-218,-65,-317,0
-2106,121,63,-220,1,-320,0
-2170,140,80,-204,20,-299,0
-2174,123,72,-185,-32,-262,0
-2184,103,56,-173,-54,-217,0
-2177,98,14,-176,-55,-174,0
-2134,88,-17,-195,-88,-146,0
-2076,90,-27,-224,-147,-143,0
-2016,80,-40,-257,-180,-165,0
-1998,83,-65,-292,-191,-198,0
-2004,90,-83,-328,-210,-231,0
-1999,75,-82,-359,-161,-260,0
-1985,54,-90,-386,-94,-290,0
-1999,46,-93,-411,-7,-317,0
-2018,36,-74,-431,72,-338,0
-2034,16,-36,-439,128,-352,0
-2078,3,-23,-438,157,-359,0
-2122,17,-84,-475,109,-359,0
-2136,-2,49,-394,-19,-353,0
-2126,31,-15,-369,-182,-342,0
-2096,28,-81,-353,-320,-320,0
-2052,5,-115,-343,-389,-296,0
-2032,-20,-131,-338,-368,-276,0
-1954,-40,-158,-332,-295,-268,0
-1919,-50,-190,-334,-239,-279,0
-1889,-46,-190,-338,-167,-297,0
-1894,-71,-132,-327,-92,-320,0
-1926,-89,-63,-299,-25,-336,0
-1990,-92,-23,-257,-1,-328,0
-2051,-77,-52,-215,-36,-283,0
-2048,-67,-91,-174,-89,-224,0
-2047,-76,-132,-135,-111,-164,0
-2055,-82,-159,-105,-115,-109,0
-2050,-75,-189,-78,-148,-62,0
-1940,-95,-108,-36,-149,-37,0
-1950,-100,-84,23,-60,-25,0
-1999,-113,-35,90,-39,-19,0
-2121,-90,-39,161,-114,-11,0
-2181,-66,-105,216,-256,11,0
-2173,-39,-177,235,-354,49,0
-2293,-56,-239,214,-416,92,0
-2190,-150,-245,170,-502,137,0
-2070,-202,-160,146,-432,152,0
-2059,-247,-12,163,-294,138,0
-2112,-224,34,233,-237,122,0
-2227,-276,-33,314,-177,142,0
-2435,-335,-145,377,-106,185,1
-2439,-555,-56,436,49,223,1
-2552,-589,-99,486,193,272,1
-2580,-616,-108,534,110,288,1
-2568,-686,-75,588,29,262,1
-2649,-696,-93,642,31,213,1
-2651,-692,-169,675,54,137,1
-2641,-712,-210,687,84,16,1
-2688,-715,-256,675,147,-142,1
-2724,-744,-221,651,198,-330,1
-2762,-770,-134,633,227,-542,1
-2780,-762,-58,630,204,-772,1
-2822,-724,34,634,149,-1001,1
-2917,-665,136,647,87,-1206,1
-3028,-650,247,690,37,-1362,1
-3067,-621,256,705,-86,-1486,1
-2991,-591,236,689,-182,-1596,1
-2936,-535,229,639,-209,-1690,1
-2885,-527,249,572,-201,-1761,1
-2811,-452,290,499,-182,-1822,1
-2616,-431,262,418,-127,-1903,1
-2648,-442,188,290,-73,-2003,1
-2706,-423,250,158,-123,-2077,1
-2573,-422,327,47,-181,-2149,1
-2400,-404,448,-81,-323,-2257,1
-2323,-386,562,-3,-429,-2367,1
-2292,-390,541,18,-478,-2444,1
-2222,-359,539,29,-552,-2495,1
-2238,-398,533,31,-619,-2516,1
-2261,-500,451,12,-566,-2479,1
-2307,-596,396,-37,-415,-2394,1
-2237,-611,480,-78,-394,-2303,1
-2123,-554,561,-85,-396,-2242,1
-2021,-517,605,-75,-503,-2220,1
-1921,-468,705,-164,-623,-2221,1
-1897,-436,637,-32,-741,-2221,1
-1924,-424,540,-81,-848,-2197,1
-1897,-417,526,-168,-985,-2147,1
-1861,-419,522,-267,-1095,-2076,1
-1765,-375,570,-356,-1213,-1992,1
-1692,-350,560,-431,-1299,-1902,1
-1626,-356,512,-509,-1340,-1797,1
-1509,-370,481,-599,-1317,-1684,1
-1431,-313,477,-685,-1230,-1578,1
-1367,-302,479,-804,-1135,-1482,1
-1302,-305,533,-923,-1048,-1408,1
-1298,-308,530,-1050,-972,-1343,1
-1262,-350,536,-1179,-895,-1278,1
-1235,-314,561,-1302,-903,-1228,1
-1195,-353,496,-1415,-952,-1179,1
-1134,-429,402,-1544,-957,-1124,1
-985,-399,345,-1686,-942,-1086,1
-891,-420,334,-1821,-922,-1071,1
-884,-420,290,-1954,-909,-1040,1
-761,-384,286,-2084,-870,-984,1
-751,-361,329,-2188,-765,-896,1
-787,-368,391,-2243,-695,-749,1
-802,-392,364,-2267,-598,-549,1
-841,-446,304,-2291,-502,-316,1
-895,-431,217,-2328,-533,-69,1
-834,-440,63,-2386,-584,165,1
-752,-459,-75,-2479,-690,353,1
-713,-493,-179,-2588,-808,500,1
-686,-564,-254,-2687,-907,621,1
-566,-569,-200,-2723,-982,713,1
-716,-580,-271,-2695,-912,813,1
-919,-591,-447,-2658,-909,982,1
-1030,-655,-556,-2630,-844,1193,1
-1249,-699,-662,-2602,-767,1441,1
-1318,-708,-705,-2571,-792,1689,1
-1332,-782,-718,-2534,-838,1889,1
-1193,-762,-759,-2493,-1031,2004,1
-1091,-752,-874,-2455,-1153,2035,1
-1097,-776,-1151,-2452,-1164,2030,1
-1138,-795,-1339,-2470,-939,2019,1
-1284,-967,-1459,-2464,-502,1998,1
-1358,-998,-1440,-2377,-222,1934,1
-1512,-1043,-1378,-2185,40,1861,1
-1634,-1043,-1295,-1912,160,1798,1
-1588,-995,-1181,-1562,149,1718,1
-1742,-1003,-1442,-1241,137,1651,1
-1826,-951,-1755,-1005,203,1633,1
-1817,-881,-1959,-878,405,1616,1
-1931,-870,-2103,-828,580,1573,1
-2032,-880,-2051,-806,580,1521,1
-2050,-837,-1893,-735,586,1475,1
-2070,-799,-1706,-584,630,1452,1
-2070,-763,-1487,-358,612,1446,1
-2100,-707,-1250,-71,546,1460,1
-1927,-632,-1142,252,410,1445,1
-1840,-617,-1200,551,332,1376,1
-1866,-596,-1344,775,318,1303,1
-1803,-488,-1414,910,354,1227,1
-1857,-444,-1416,982,442,1150,1
-1923,-431,-1405,998,465,1102,1
-1918,-342,-1375,993,509,1088,1
-1871,-354,-1226,1011,689,1110,1
-1939,-317,-1048,1066,845,1142,1
-2108,-385,-849,1170,704,1184,1
-2124,-387,-758,1314,445,1233,1
-2078,-340,-751,1470,207,1265,1
-2094,-347,-815,1596,25,1280,1
-2041,-344,-955,1644,-94,1276,1
-1934,-325,-1042,1616,-126,1234,1
-1883,-325,-1057,1541,-41,1161,1
-1848,-346,-1000,1453,82,1069,1
-1795,-311,-957,1387,290,963,1
-1860,-341,-876,1350,478,851,1
-2010,-386,-793,1356,560,770,1
-2081,-417,-727,1409,567,725,1
-2163,-415,-681,1501,515,710,1
-2240,-454,-634,1616,397,721,1
-2290,-456,-567,1744,219,745,1
-2294,-465,-538,1870,-3,766,1
-2208,-479,-565,1977,-150,772,1
-2144,-469,-589,2048,-230,751,1
-2072,-454,-573,2096,-253,705,1
-1886,-468,-565,2107,-134,615,1
-1717,-348,-639,2044,137,450,1
-1611,-345,-571,1901,508,216,1
-1813,-390,-354,1737,772,-31,1
-2293,-344,-117,1626,504,-210,1
-2491,-265,88,1590,-37,-263,0
-2767,-71,92,1598,-363,-223,0
-2667,42,48,1606,-626,-166,0
-2500,68,14,1583,-1108,-137,0
-2355,-275,61,1543,-1216,-125,0
-2243,-532,15,1441,-959,-98,0
-2229,-573,-200,1265,-614,-54,0
-2221,-446,-399,1020,-336,-12,0
-2121,-362,-451,756,-213,7,0
-2005,-407,-361,527,-157,-6,0
-1952,-541,-196,367,-68,-36,0
-1974,-648,-45,284,21,-58,0
-2022,-680,42,271,73,-62,0
-2100,-660,65,312,63,-38,0
-2138,-653,-5,374,32,8,0
-2130,-646,-70,431,-34,67,0
-2085,-642,-96,479,-81,126,0
-2084,-680,-115,512,-99,179,0
-2082,-727,-181,520,-109,220,0
-2043,-686,-293,491,-165,235,0
-1926,-655,-367,436,-208,207,0
-1803,-636,-345,375,-264,128,0
-1728,-626,-282,329,-278,17,0
-1729,-613,-187,308,-233,-97,0
-1778,-612,-138,311,-189,-190,0
-1879,-617,-129,326,-169,-250,0
-1952,-612,-168,333,-191,-271,0
-1975,-624,-155,331,-203,-261,0
-1964,-629,-160,327,-181,-232,0
-1982,-625,-175,316,-139,-191,0
-2010,-621,-206,299,-132,-139,0
-2004,-612,-184,279,-141,-88,0
-1949,-571,-196,260,-184,-46,0
-1900,-564,-206,234,-178,-24,0
-1866,-563,-251,194,-175,-21,0
-1882,-559,-307,136,-158,-28,0
-1898,-566,-330,66,-151,-34,0
-1861,-604,-299,-5,-140,-46,0
-1852,-626,-243,-56,-74,-65,0
-1887,-630,-237,-84,11,-85,0
-1877,-631,-249,-94,1,-110,0
-1832,-625,-206,-84,-43,-141,0
-1805,-636,-148,-48,-42,-176,0
-1838,-656,-140,-2,-14,-202,0
-1890,-660,-136,44,-39,-207,0
-1971,-657,-147,89,-58,-187,0
-2056,-666,-239,116,-76,-139,0
-2094,-695,-302,119,-140,-78,0
-2094,-727,-326,107,-212,-22,0
-2013,-735,-347,90,-253,6,0
-1911,-727,-321,78,-283,-16,0
-1834,-744,-291,80,-294,-85,0
-1818,-775,-241,94,-324,-188,0
-1893,-819,-230,116,-326,-292,0
-1986,-860,-239,141,-363,-378,0
-1835,-864,-258,162,-580,-431,0
-1997,-886,-58,202,-349,-430,0
-2180,-912,-45,254,17,-388,0
-2286,-874,-149,279,-17,-345,0
-2290,-868,-99,298,-177,-313,0
-2284,-934,-84,324,-242,-290,0
-2327,-1000,-80,351,-282,-271,0
-2294,-1016,-65,383,-326,-271,0
-2219,-1036,-80,415,-302,-304,0
-2333,-1016,-133,434,-266,-373,1
-2359,-1018,-110,441,-337,-460,1
-2353,-1067,-52,455,-349,-542,1
-2414,-1199,24,485,-419,-628,1
-2423,-1234,80,539,-447,-728,1
-2360,-1226,75,601,-481,-858,1
-2342,-1245,44,650,-484,-1014,1
-2399,-1261,4,675,-438,-1160,1
-2446,-1239,-84,664,-399,-1282,1
-2477,-1208,-82,632,-399,-1382,1
-2467,-1205,17,613,-398,-1469,1
-2413,-1202,112,627,-364,-1561,1
-2384,-1142,216,668,-413,-1671,1
-2384,-1152,205,706,-454,-1777,1
-2367,-1146,175,704,-542,-1868,1
-2306,-1117,217,671,-708,-1949,1
-2258,-1163,316,625,-867,-2003,1
-2195,-1132,379,573,-933,-2024,1
-2119,-1074,399,514,-993,-2025,1
-2045,-1122,377,433,-1045,-2005,1
-1908,-1066,357,336,-1005,-1972,1
-1815,-1055,331,229,-965,-1936,1
-1754,-1066,395,133,-896,-1887,1
-1675,-1074,475,70,-857,-1840,1
-1648,-1091,530,42,-890,-1812,1
-1604,-1121,612,31,-1046,-1796,1
-1600,-1077,655,36,-1265,-1776,1
-1527,-1049,614,31,-1452,-1724,1
-1498,-968,430,-20,-1551,-1651,1
-1419,-1232,1348,-212,-1594,-1548,1
-1344,-855,526,-130,-1578,-1437,1
-1218,-750,443,-212,-1575,-1344,1
-1026,-691,439,-343,-1522,-1271,1
-849,-598,417,-542,-1399,-1219,1
-802,-567,274,-839,-1239,-1164,1
-831,-470,178,-1226,-1131,-1076,1
-782,-344,98,-1665,-1039,-956,1
-748,-340,16,-2130,-923,-829,1
-731,-256,-88,-2622,-815,-696,1
-637,-275,-180,-3119,-642,-568,1
-600,-353,-127,-3573,-345,-440,1
-658,-514,-18,-3910,119,-301,1
-731,-742,137,-4081,572,-173,1
-858,-807,388,-4038,918,-83,1
-1005,-762,360,-3867,1057,-26,1
-1041,-796,202,-3690,889,-6,1
-1008,-737,-25,-3575,630,-3,1
-961,-757,-247,-3564,351,-7,1
-902,-702,-433,-3640,-34,0,1
-787,-606,-665,-3763,-284,29,1
-738,-651,-1084,-3951,-304,85,1
-677,-611,-1356,-4201,-114,159,1
-581,-649,-1650,-4477,222,217,1
-623,-765,-1810,-4749,607,278,1
-742,-828,-1748,-4934,1042,379,1
-756,-1089,-1543,-4976,1493,482,1
-853,-1199,-1185,-4789,1670,540,1
-877,-1064,-950,-4375,1536,558,1
-975,-1012,-994,-3854,1164,559,1
-1030,-959,-1285,-3365,634,583,1
-883,-806,-1567,-2964,161,608,1
-791,-646,-1901,-2668,-149,634,1
-731,-475,-2383,-2038,-288,680,1
-618,-376,-2775,-2591,-86,747,1
-560,-401,-2618,-2464,157,846,1
-561,-372,-2855,-2583,539,960,1
-579,-414,-2753,-2500,818,1096,1
-617,-452,-2742,-2320,880,1214,1
-583,-447,-2690,-2032,700,1336,1
-513,-323,-2658,-1643,565,1466,1
-543,-169,-2579,-1168,386,1615,1
-553,-163,-2592,-671,254,1787,1
-513,-114,-2690,-206,156,1956,1
-463,-48,-2864,171,141,2100,1
-476,-42,-3042,456,237,2227,1
-481,-8,-3295,663,500,2330,1
-473,1,-3244,792,837,2392,1
-625,-7,-3057,923,1148,2411,1
-867,-13,-2801,1111,1195,2425,1
-966,-47,-2521,1362,1100,2444,1
-991,-71,-2311,1659,1019,2459,1
-964,-46,-2150,1991,850,2443,1
-950,15,-2071,2329,694,2411,1
-950,73,-2060,2622,633,2385,1
-972,109,-2064,2834,625,2375,1
-1050,134,-2007,2969,718,2395,1
-1186,122,-2194,3005,939,2475,1
-1196,67,-2398,2903,1246,2591,1
-1273,88,-2405,2708,1592,2698,1
-1390,-24,-2230,2512,1792,2774,1
-1435,-158,-1912,2409,1719,2783,1
-1480,-163,-1640,2453,1440,2735,1
-1509,-214,-1497,2612,1142,2668,1
-1534,-230,-1527,2803,923,2619,1
-1528,-188,-1649,2950,796,2598,1
-1580,-183,-1779,3022,804,2617,1
-1535,-171,-1864,3016,882,2656,1
-1445,-190,-1854,2960,1020,2675,1
-1576,-288,-1634,2912,1114,2664,1
-1595,-310,-1299,2964,836,2608,1
-1602,-384,-1038,3139,469,2504,1
-1636,-346,-943,3381,72,2397,1
-1682,-318,-974,3621,-310,2330,1
-1754,-314,-1010,3824,-616,2329,1
-1688,-212,-988,3992,-807,2361,1
-1642,-203,-941,4124,-928,2406,1
-1663,-222,-821,4239,-977,2466,1
-1599,-206,-717,4329,-1145,2501,1
-1568,-347,-446,4479,-1314,2504,1
-1666,-431,-299,4558,-1612,2512,1
-1646,-361,-380,4688,-1982,2529,1
-1612,-442,-180,4698,-2170,2553,1
-1666,-217,-339,4632,-2369,2590,1
-1743,-156,-250,4484,-2559,2639,1
-1625,-63,-173,4282,-2553,2675,1
-1502,-25,132,4083,-2314,2651,1
-1386,126,0,3798,-1891,2563,1
-1318,219,38,3399,-1278,2417,1
-1446,233,117,2926,-696,2230,1
-1570,183,213,2414,-234,2011,1
-1789,65,306,1892,87,1768,1
-2074,-71,433,1416,197,1536,1
-2309,-220,577,1038,169,1323,1
-2464,-275,631,771,33,1126,1
-2512,-377,655,597,-135,938,1
-2477,-500,679,491,-232,744,1
-2473,-536,672,448,-416,529,1
-2529,-733,748,398,-691,350,1
-2519,-590,560,549,-896,243,1
-2427,-717,530,585,-1110,195,1
-2272,-730,391,578,-1018,186,1
-2279,-649,326,524,-1067,187,1
-2191,-732,541,498,-1134,190,1
-2025,-792,603,522,-1262,144,1
-1928,-696,497,545,-1379,43,1
-2006,-485,-279,403,-1161,-3,1
-1661,-565,641,449,-954,-72,1
-1771,-525,202,329,-441,-145,1
-1992,-717,74,171,-182,-137,0
-2362,-694,135,43,-85,-82,0
-2317,-774,278,-27,-192,-32,0
-2136,-697,442,-40,-321,40,0
-2228,-663,516,-13,-89,151,0
-2345,-611,426,23,199,306,0
-2491,-562,366,37,78,461,0
-2399,-503,450,42,-334,570,0
-2159,-519,508,52,-670,592,0
-1952,-612,401,27,-929,533,0
-1976,-734,278,-45,-976,448,0
-1953,-777,163,-140,-944,365,0
-1898,-742,204,-212,-856,276,0
-1863,-677,377,-210,-717,188,0
-1844,-615,507,-143,-532,101,0
-1891,-525,575,-45,-426,19,0
-1980,-402,560,46,-446,-42,0
-2054,-364,450,86,-501,-72,0
-2115,-441,286,39,-454,-59,0
-2209,-561,153,-95,-366,-12,0
-2237,-631,59,-298,-233,49,0
-2221,-647,41,-530,-130,104,0
-2122,-621,138,-738,-104,114,0
-2059,-567,329,-872,-179,74,0
-2065,-541,487,-916,-307,14,0
-2141,-595,522,-898,-426,-32,0
-2149,-674,449,-859,-557,-57,0
-2093,-703,381,-818,-642,-68,0
-2019,-703,318,-775,-597,-72,0
-1971,-688,299,-734,-465,-76,0
-1981,-677,319,-685,-318,-71,0
-1974,-658,338,-628,-292,-55,0
-1966,-643,379,-566,-303,-32,0
-1978,-655,340,-508,-338,0,0
-2024,-750,183,-491,-370,45,0
-2015,-870,64,-527,-371,95,0
-1976,-907,29,-589,-347,128,0
-1896,-867,32,-646,-375,128,0
-1866,-822,89,-678,-383,106,0
-1860,-844,208,-656,-335,82,0
-1864,-835,233,-580,-456,76,0
-1897,-849,417,-443,-342,103,0
-1879,-833,403,-282,-194,143,0
-1965,-729,342,-144,-204,186,0
-1912,-712,290,-50,-230,231,0
-1803,-713,266,-9,-109,259,0
-1839,-694,214,-19,57,271,0
-1811,-679,155,-71,91,270,0
-1822,-622,199,-130,102,253,0
-1907,-629,243,-185,38,223,1
-1730,-704,384,-203,-224,188,1
-1704,-600,435,-170,-155,132,1
-1723,-519,420,-111,-67,48,1
-1725,-428,431,-28,-137,-42,1
-1668,-369,560,82,-193,-114,1
-1699,-291,542,216,-163,-148,1
-1781,-246,551,337,-101,-110,1
-1755,-99,509,414,55,-4,1
-1727,38,428,412,206,118,1
-1777,136,360,323,170,234,1
-1793,246,369,174,16,352,1
-1738,266,336,-14,-122,452,1
-1649,346,327,-210,-253,545,1
-1549,434,360,-373,-220,647,1
-1499,461,310,-518,-39,770,1
-1451,512,184,-687,212,884,1
-1457,428,74,-905,401,965,1
-1501,365,-1,-1178,530,1016,1
-1520,333,-51,-1473,583,1038,1
-1582,268,-51,-1757,573,1043,1
-1590,245,-41,-2004,526,1065,1
-1551,191,89,-2172,575,1107,1
-1601,210,211,-2234,672,1170,1
-1745,277,223,-2229,726,1257,1
-1825,295,265,-2178,662,1355,1
-1937,338,217,-2113,557,1437,1
-2101,344,116,-2059,391,1521,1
-2105,340,59,-2036,277,1608,1
-2099,335,34,-2023,278,1685,1
-2123,394,-8,-2024,226,1727,1
-2234,387,-115,-2029,201,1773,1
-2335,338,-239,-2106,182,1840,1
-2230,306,-214,-2169,87,1876,1
-2339,188,-158,-2215,119,1912,1
-2234,160,-150,-2237,94,1951,1
-2268,182,-208,-2255,126,1952,1
-2502,105,-277,-2289,82,1991,1
-2488,55,-303,-2352,-3,2052,1
-2480,17,-309,-2388,-23,2069,1
-2550,-74,-241,-2374,-66,2049,1
-2559,-54,-206,-2267,-100,1995,1
-2828,-160,-440,-2147,91,1961,1
-2915,-241,-604,-2065,214,1922,1
-2879,-361,-564,-1993,226,1816,1
-2836,-499,-482,-1931,193,1647,1
-2902,-576,-381,-1825,72,1436,1
-2987,-557,-244,-1641,-38,1208,1
-3119,-598,-34,-1401,-206,998,1
-3315,-512,-60,-1126,-306,821,1
-3448,-484,-321,-904,-299,673,1
-3216,-452,-534,-798,-162,485,1
-3161,-360,-654,-798,74,221,1
-4198,110,-805,-842,1003,114,1
-2350,-1219,-533,-887,306,-203,1
-3252,-243,-309,-858,388,-672,1
-3206,-723,-567,-925,181,-960,1
-3333,-611,355,-589,192,-1177,1
-3405,-662,181,-417,94,-1322,1
-3349,-617,164,-205,-59,-1435,1
-3148,-522,154,-7,-133,-1570,1
-3035,-463,172,141,-172,-1728,1
-2966,-322,247,247,-218,-1898,1
-2909,-259,232,303,-238,-2064,1
-2762,-195,51,263,-89,-2232,1
-2747,-203,-53,117,221,-2393,1
-2695,-224,16,-64,576,-2562,1
-2730,-236,175,-228,864,-2761,1
-2908,-250,421,-332,868,-2960,1
-3053,-182,670,-362,654,-3106,1
-3071,-82,758,-347,368,-3186,1
-2981,16,811,-337,92,-3212,1
-2926,104,715,-354,-94,-3187,1
-2772,170,558,-431,-255,-3124,1
-2575,150,385,-573,-292,-3054,1
-2331,89,261,-763,-254,-3008,1
-2108,16,225,-963,-154,-3006,1
-1917,-70,262,-1128,-29,-3041,1
-1791,-107,310,-1235,127,-3099,1
-1678,-199,414,-1275,241,-3169,1
-1683,-204,417,-1253,409,-3223,1
-1752,-194,377,-1222,436,-3239,1
-1863,-161,439,-1181,316,-3199,1
-1984,-152,465,-1133,121,-3075,1
-2013,-161,383,-1098,-59,-2873,1
-1996,-179,343,-1076,-222,-2623,1
-1857,-184,373,-1046,-374,-2373,1
-1601,-236,365,-1001,-536,-2181,1
-1415,-325,296,-960,-687,-2062,1
-1238,-329,237,-938,-809,-2001,1
-1140,-291,102,-951,-879,-1970,1
-1078,-296,10,-1000,-872,-1935,1
-1146,-295,-11,-1078,-828,-1872,1
-1376,-277,-64,-1163,-846,-1732,1
-1479,-312,-124,-1263,-960,-1534,1
-1517,-293,-50,-1340,-1155,-1310,1
-1428,-338,78,-1354,-1290,-1071,1
-1342,-399,113,-1315,-1313,-840,1
-1224,-435,197,-1237,-1381,-633,1
-1110,-501,245,-1121,-1411,-461,1
-1031,-520,200,-1013,-1407,-333,1
-955,-633,216,-929,-1403,-274,1
-880,-618,167,-881,-1395,-288,1
-860,-570,38,-902,-1279,-334,1
-919,-542,-78,-1014,-1137,-365,1
-994,-469,-208,-1209,-958,-352,1
-1086,-385,-241,-1447,-858,-302,1
-1179,-382,-188,-1681,-827,-204,1
-1227,-321,-103,-1883,-849,-69,1
-1152,-305,52,-2015,-933,77,1
-1160,-289,206,-2053,-937,238,1
-1303,-254,275,-2015,-968,447,1
-1366,-201,153,-1951,-1021,697,1
-1388,-143,-176,-1940,-1055,946,1
-1267,-253,-374,-2006,-1179,1137,1
-1202,-305,-578,-2106,-1152,1253,1
-1148,-408,-761,-2220,-1135,1295,1
-1197,-468,-734,-2301,-1151,1304,1
-1410,-542,-581,-2275,-1220,1343,1
-1489,-564,-427,-2130,-1403,1442,1
-1503,-554,-320,-1889,-1573,1572,1
-1490,-597,-206,-1583,-1712,1720,1
-1659,-594,-481,-1277,-1705,1896,1
-1894,-741,-1007,-1089,-1511,2132,1
-1977,-958,-1266,-1046,-1193,2387,1
-2034,-1000,-1335,-1058,-895,2587,1
-2046,-1031,-1311,-1097,-534,2702,1
-2122,-1092,-1330,-1190,-345,2716,0
-2206,-995,-1373,-1355,-412,2651,0
-2213,-749,-1191,-1513,-818,2576,0
-2132,-651,-1135,-1542,-1242,2428,0
-1563,-689,-612,-1339,-656,2089,0
-2195,-760,-934,-1122,587,1709,0
-2957,-843,-1261,-1013,1089,1439,0
-3151,-841,-1156,-925,716,1240,0
-3048,-782,-952,-788,410,1046,0
-3074,-825,-808,-607,306,845,0
-3209,-922,-752,-421,12,664,0
-3159,-929,-673,-236,-503,516,0
-2925,-922,-515,-36,-894,385,0
-2738,-869,-424,177,-1084,263,0
-2621,-813,-454,371,-1183,164,0
-2527,-771,-472,521,-1290,92,0
-2431,-734,-416,631,-1351,44,0
-2312,-670,-413,704,-1310,23,0
-2185,-614,-449,727,-1195,19,0
-2057,-598,-443,700,-1011,20,0
-1991,-630,-373,640,-717,24,0
-1978,-696,-317,562,-400,29,0
-1952,-720,-262,478,-135,16,0
-1925,-664,-212,395,25,-21,0
-1799,-601,-153,329,115,-95,0
-1728,-542,-96,305,112,-192,0
-1766,-522,-7,312,112,-276,0
-1828,-510,43,337,140,-327,0
-1887,-501,29,358,178,-337,0
-1885,-490,-20,356,136,-325,0
-1835,-476,-44,328,127,-301,0
-1785,-480,-14,292,179,-273,0
-1773,-516,36,255,176,-250,0
-1887,-519,80,216,92,-218,0
-1937,-514,106,174,-56,-167,0
-1909,-557,161,146,-199,-99,0
-1849,-604,136,133,-280,-31,0
-1755,-651,127,125,-321,24,0
-1727,-642,55,114,-275,70,0
-1720,-640,6,91,-123,117,0
-1676,-658,-2,67,114,153,0
-1681,-676,51,54,330,167,0
-1784,-648,117,67,480,173,0
-1929,-612,159,98,499,186,0
-2067,-607,185,135,377,207,0
-2136,-602,153,165,156,235,0
-2138,-566,96,181,-110,262,0
-2057,-561,21,173,-311,280,0
-1972,-577,-66,140,-338,288,0
-1902,-607,-135,80,-213,286,0
-1853,-618,-156,8,-26,262,0
-1867,-580,-137,-56,133,219,0
-1950,-562,-82,-100,244,171,0
-2052,-575,-48,-118,272,130,0
-2128,-613,-4,-122,193,105,0
-2162,-652,23,-106,79,94,0
-2159,-676,0,-87,-41,94,0
-2117,-694,-8,-71,-129,97,0
-2081,-688,-19,-56,-141,98,0
-2025,-662,-39,-46,-138,96,0
-1982,-633,-48,-38,-107,86,0
-1988,-608,-78,-37,-33,81,0
-1989,-606,-99,-45,47,83,0
-1988,-600,-102,-57,118,83,0
-1967,-581,-91,-68,153,73,0
-1951,-573,-83,-75,139,50,0
-1931,-557,-97,-86,88,20,0
-1899,-540,-70,-90,26,-10,0
-1898,-525,-52,-89,-1,-27,0
-1935,-505,-32,-83,-29,-20,0
-1962,-487,-28,-74,-23,9,0
-2031,-471,-83,-78,-5,62,0
-2006,-487,-75,-96,25,119,0
-1997,-496,-60,-110,92,171,0
-2021,-490,-77,-129,130,213,0
-2048,-473,-78,-157,96,247,0
-2024,-446,-102,-195,24,267,0
-1990,-446,-116,-244,-48,270,0
-1977,-464,-155,-306,-75,268,0
-1998,-487,-180,-376,-76,274,0
-1978,-517,-139,-443,-6,285,0
-1962,-534,-131,-497,121,293,0
-1964,-548,-98,-533,254,289,0
-2004,-579,-81,-542,374,278,0
-2083,-589,-88,-530,405,264,0
-2199,-520,-191,-511,272,274,0
-2329,-528,-233,-501,86,332,0
-2316,-587,-327,-527,130,416,0
-2335,-600,-447,-612,352,498,0
-2279,-639,-627,-760,611,559,0
-2317,-675,-671,-942,885,572,0
-2407,-775,-736,-1110,1276,534,0
-2433,-884,-661,-1216,1467,370,1
-2292,-1040,-547,-1192,1539,68,1
-2324,-1109,-458,-1046,1609,-284,1
-2537,-1123,-547,-827,1674,-617,1
-2802,-1065,-746,-610,1813,-850,1
-2958,-908,-1010,-434,1989,-1010,1
-3055,-890,-1243,-321,2076,-1140,1
-3136,-898,-1242,-216,2016,-1288,1
-3141,-943,-1178,-73,1793,-1462,1
-3112,-973,-1053,138,1404,-1660,1
-3051,-951,-1056,399,1042,-1852,1
-2871,-931,-1192,658,779,-2034,1
-2598,-908,-1271,904,652,-2224,1
-2412,-727,-1357,1146,659,-2434,1
-2329,-813,-1442,1335,655,-2653,1
-2377,-858,-1481,1462,701,-2826,1
-2303,-810,-1397,1559,696,-2952,1
-2222,-828,-1312,1656,728,-3045,1
-2122,-796,-1325,1737,843,-3093,1
-2041,-770,-1303,1793,990,-3100,1
-2015,-760,-1278,1835,1155,-3065,1
-2084,-745,-1227,1875,1304,-2979,1
-2115,-736,-1206,1928,1336,-2848,1
-2004,-675,-1178,2006,1352,-2694,1
-1882,-672,-1079,2132,1351,-2546,1
-1729,-636,-975,2307,1305,-2428,1
-1609,-659,-926,2476,1223,-2332,1
-1486,-621,-919,2610,1036,-2263,1
-1366,-652,-967,2680,934,-2201,1
-1185,-650,-959,2698,919,-2146,1
-1029,-583,-943,2686,977,-2101,1
-917,-531,-948,2651,1098,-2058,1
-786,-500,-888,2600,1207,-2011,1
-671,-446,-889,2551,1335,-1958,1
-666,-430,-824,2511,1520,-1862,1
-686,-432,-640,2503,1785,-1693,1
-775,-402,-415,2540,1974,-1476,1
-957,-344,-216,2602,1919,-1212,1
-1013,-276,-41,2661,1616,-930,1
-958,-237,55,2685,1187,-657,1
-874,-229,36,2644,802,-394,1
-737,-189,-38,2518,526,-139,1
-611,-154,-91,2317,385,109,1
-491,-145,-128,2063,383,362,1
-316,-115,-133,1775,529,600,1
-171,-124,-176,1463,779,797,1
-93,-181,-261,1124,1093,958,1
-34,-223,-130,802,1386,1067,1
-132,-308,83,552,1620,1140,1
-309,-434,328,399,1687,1220,1
-472,-500,642,357,1593,1331,1
-732,-598,753,414,1501,1507,1
-932,-657,738,508,1243,1761,1
-1009,-715,536,583,1079,2065,1
-1043,-778,231,576,1027,2379,1
-947,-847,25,494,1080,2645,1
-909,-895,-101,391,1221,2829,1
-903,-952,-110,303,1399,2933,1
-960,-974,-85,256,1481,2960,1
-1074,-1039,-20,264,1515,2929,1
-1176,-1088,59,339,1401,2858,1
-1325,-1068,79,460,1199,2778,1
-1525,-1103,144,612,984,2748,1
-1723,-1072,127,775,877,2807,1
-1799,-1008,89,928,798,2926,1
-1850,-998,2,1045,734,3066,1
-1924,-1059,-221,1088,765,3211,1
-1964,-1074,-497,1037,880,3339,1
-1936,-1093,-510,932,1014,3405,1
-2184,-1085,-259,889,1172,3422,1
-2414,-1194,38,983,1107,3391,1
-2556,-1219,265,1216,730,3303,1
-2629,-1194,355,1539,237,3176,1
-2648,-1166,301,1880,-249,3028,1
-2623,-1162,-38,2125,-431,2889,1
-2971,-1306,-457,2171,-210,2837,1
-2480,-1043,-565,2103,1,2718,1
-2497,-1145,-340,1973,351,2491,1
-2618,-1186,35,1918,370,2191,1
-2850,-1113,636,2065,132,1807,1
-3142,-1013,1021,2410,-333,1405,1
-3333,-939,1046,2829,-735,1048,1
-3353,-870,805,3167,-974,734,1
-3309,-793,609,3351,-1011,438,1
-3205,-791,552,3416,-1015,118,1
-3033,-903,615,3431,-1076,-273,1
-2904,-952,676,3434,-1284,-732,1
-2611,-804,611,3392,-1504,-1228,1
-2348,-734,634,3296,-1400,-1692,1
-2187,-637,539,3127,-1001,-2073,0
-2403,-390,376,2892,-353,-2345,0
-2628,-201,500,2620,110,-2449,0
-3291,122,413,2324,-1197,-2392,0
-2900,160,1271,2125,-1459,-2202,0
-2522,-50,1366,1980,-171,-1923,0
-2800,-439,890,1756,387,-1609,0
-2972,-646,547,1408,-21,-1243,0
-2825,-591,320,953,-544,-873,0
-2440,-423,344,503,-559,-542,0
-2018,-300,417,115,-229,-319,0
-1759,-371,469,-205,-39,-219,0
-1617,-546,469,-469,-84,-200,0
-1532,-636,505,-683,-60,-228,0
-1459,-669,545,-830,-111,-297,0
-1399,-703,644,-902,-153,-387,0
-1398,-777,785,-885,-46,-478,0
-1415,-844,909,-785,184,-558,0
-1480,-872,969,-618,419,-624,0
-1580,-847,941,-417,556,-670,0
-1653,-810,866,-213,567,-697,0
-1727,-763,835,-17,420,-706,0
-1737,-733,812,167,182,-696,0
-1733,-742,768,323,-52,-670,0
-1759,-780,679,427,-261,-622,0
-1718,-835,577,463,-369,-557,0
-1673,-835,475,445,-352,-481,0
-1640,-824,411,388,-311,-404,0
-1642,-829,404,310,-240,-330,0
-1584,-846,468,239,-201,-271,0
-1563,-851,509,190,-195,-227,0
-1601,-863,510,152,-188,-192,0
-1672,-877,512,120,-236,-150,0
-1677,-899,572,99,-361,-104,0
-1578,-915,655,97,-461,-76,0
-1519,-879,712,117,-470,-68,0
-1530,-832,685,143,-428,-66,0
-1564,-820,621,153,-409,-58,0
-1612,-861,573,140,-378,-42,0
-1625,-901,558,103,-311,-21,0
-1617,-912,579,59,-198,-3,0
-1598,-901,648,28,-108,4,0
-1611,-880,722,24,-78,-5,0
-1565,-856,798,41,-133,-32,0
-1560,-821,822,78,-229,-79,0
-1585,-793,749,107,-333,-128,0
-1609,-803,689,115,-431,-154,0
-1624,-844,657,108,-461,-159,0
-1627,-891,640,85,-415,-143,0
-1630,-910,647,54,-339,-113,0
-1591,-917,659,18,-243,-88,0
-1595,-938,664,-16,-150,-66,0
-1610,-950,668,-48,-105,-49,0
-1633,-961,698,-72,-103,-31,0
-1673,-966,738,-83,-136,-16,0
-1689,-983,755,-86,-205,-2,0
-1680,-1008,752,-91,-273,4,0
-1654,-996,712,-103,-369,0,0
-1630,-1000,671,-123,-427,-10,0
-1606,-1048,635,-153,-416,-21,0
-1621,-1110,625,-190,-313,-24,0
-1648,-1142,678,-217,-184,-25,0
-1668,-1121,720,-223,-99,-33,0
-1677,-1112,733,-212,-231,-62,0
-1631,-1182,819,-186,-361,-105,0
-1627,-1198,843,-146,-330,-151,0
-1674,-1199,841,-107,-217,-175,0
-1740,-1153,797,-84,-77,-163,0
-1766,-1111,750,-86,121,-124,0
-1878,-1045,665,-116,250,-70,0
-1912,-1051,700,-161,203,-25,1
-1551,-1219,755,-198,117,-32,1
-1745,-1343,856,-189,39,-98,1
-1731,-1348,1057,-108,-62,-175,1
-1762,-1418,1156,37,-116,-238,1
-1902,-1383,1088,181,-126,-266,1
-2007,-1404,967,278,-150,-256,1
-2005,-1375,867,318,-217,-239,1
-1941,-1419,806,303,-240,-247,1
-1908,-1432,738,246,-254,-283,1
-1858,-1483,850,189,-344,-352,1
-1868,-1542,996,174,-418,-429,1
-1904,-1561,1050,190,-376,-489,1
-1888,-1533,1135,234,-336,-551,1
-1882,-1505,1200,306,-330,-632,1
-1938,-1472,1171,376,-323,-709,1
-1984,-1429,1153,416,-386,-772,1
-2003,-1388,1154,433,-498,-821,1
-2004,-1324,1179,426,-663,-851,1
-1938,-1323,1167,396,-770,-854,1
-1922,-1259,1083,325,-860,-833,1
-1861,-1178,1129,241,-941,-805,1
-1812,-1145,1193,173,-990,-771,1
-1755,-1117,1216,122,-1020,-729,1
-1668,-1060,1243,85,-1048,-694,1
-1655,-1082,1277,58,-1045,-659,1
-1602,-1086,1316,39,-1048,-624,1
-1568,-1114,1372,27,-1134,-600,1
-1562,-1125,1343,1,-1216,-568,1
-1485,-1059,1381,-33,-1309,-542,1
-1407,-1029,1441,-56,-1419,-535,1
-1304,-972,1392,-91,-1491,-540,1
-1247,-907,1459,-124,-1566,-566,1
-1223,-794,1474,-147,-1646,-591,1
-1222,-675,1481,-174,-1689,-597,1
-1195,-490,1430,-232,-1717,-588,1
-1126,-317,1395,-335,-1704,-569,1
-991,-242,1306,-503,-1535,-542,1
-937,-180,1222,-740,-1283,-515,1
-858,-185,1203,-1031,-1079,-480,1
-805,-299,1191,-1363,-844,-432,1
-787,-272,1177,-1723,-621,-368,1
-764,-220,1094,-2098,-455,-304,1
-896,-279,949,-2505,-301,-219,1
-1008,-251,855,-2935,-256,-92,1
-1044,-299,753,-3375,-245,63,1
-1130,-391,583,-3826,-198,242,1
-1158,-401,499,-4265,-159,439,1
-1117,-448,390,-4674,-77,622,1
-916,-744,330,-5045,74,750,1
-666,-920,477,-5305,269,768,1
-642,-992,513,-5452,525,711,1
-849,-1100,515,-5538,692,649,1
-1056,-1095,531,-5574,598,622,1
-1126,-1112,553,-5552,403,631,1
-998,-1186,493,-5483,261,636,1
-795,-1056,421,-5361,151,591,1
-642,-1030,267,-5223,152,503,1
-707,-1028,17,-5129,295,416,1
-842,-857,-208,-5111,380,375,1
-992,-846,-462,-5176,539,394,1
-1224,-892,-673,-5329,761,482,1
-1399,-804,-694,-5510,854,602,1
-1390,-792,-633,-5636,812,691,1
-1261,-847,-587,-5674,673,698,1
-1116,-784,-550,-5622,465,622,1
-1009,-621,-605,-5508,293,487,1
-961,-458,-737,-5384,121,345,1
-934,-440,-890,-5269,98,235,1
-1035,-215,-951,-5131,52,183,1
-1208,14,-1110,-4975,-6,222,1
-1399,-76,-987,-4609,33,395,1
-1389,480,-2993,-4833,207,679,1
-1118,182,-2219,-5029,480,940,1
-958,275,-2853,-5282,800,1103,1
-820,147,-2594,-5296,971,1199,1
-559,157,-2392,-5167,1238,1191,1
-502,317,-2195,-4879,1300,1085,1
-544,343,-1952,-4440,1188,969,1
-744,395,-1841,-3903,1008,927,1
-922,659,-1752,-3312,663,1012,1
-951,797,-1892,-2742,379,1186,1
-837,883,-2245,-2311,218,1385,1
-542,1009,-2513,-2036,308,1528,1
-328,1037,-2727,-1887,678,1585,1
-284,991,-2492,-1755,1164,1586,1
-650,1273,-3132,-1654,1328,1582,1
-711,934,-2162,-1664,1053,1604,1
-615,915,-1936,-1391,769,1622,1
-629,1084,-1951,-1030,448,1627,1
-651,1087,-1919,-637,57,1656,1
-669,1055,-2153,-297,-50,1723,1
-618,1192,-2286,-71,-122,1797,1
-529,1252,-2416,61,-61,1853,1
-541,1197,-2476,91,120,1935,1
-742,1180,-2258,88,460,2097,1
-857,1175,-1997,117,617,2306,1
-780,1078,-1730,221,549,2478,1
-662,966,-1589,385,454,2571,1
-685,850,-1592,568,153,2597,1
-585,830,-1592,771,-233,2577,1
-747,1043,-1639,1008,-695,2584,1
-905,1047,-1625,1278,-1260,2726,1
-937,1119,-1872,1512,-1620,2972,1
-730,994,-2019,1643,-1849,3234,1
-456,979,-2287,1640,-1569,3449,1
30,832,-2482,1496,-986,3523,1
475,821,-2492,1287,-175,3369,1
230,871,-2192,1120,591,3097,1
-436,836,-1855,1048,925,2927,1
-956,873,-1438,1131,853,2947,1
-1169,944,-1346,1324,483,3058,1
-1250,908,-1439,1513,-84,3200,1
-1072,968,-1659,1640,-462,3337,1
-808,1029,-1955,1638,-666,3390,1
-801,965,-2070,1525,-750,3416,1
-699,1025,-2109,1366,-612,3441,1
-714,1005,-2157,1179,-435,3452,1
-615,855,-2136,993,-280,3454,1
-531,1004,-2015,846,79,3434,1
-683,935,-1824,757,384,3436,1
-841,845,-1599,754,576,3473,1
-994,799,-1460,826,191,3518,1
-1106,653,-1316,1001,-558,3615,1
-1032,667,-1451,1257,-1228,3753,1
-692,795,-1590,1530,-1871,3840,1
-397,917,-1795,1764,-2038,3838,1
-317,992,-2006,1878,-1630,3791,1
-350,1116,-2068,1862,-1001,3724,1
-458,1083,-2078,1766,-483,3644,1
-591,1056,-2035,1648,-262,3564,1
-648,982,-1882,1577,-309,3498,1
-839,974,-1729,1614,-512,3444,1
-932,902,-1352,1802,-998,3405,1
-997,669,-1079,2133,-1387,3351,1
-1194,547,-1073,2514,-1863,3302,1
-1097,615,-1366,2754,-2407,3218,1
-901,529,-691,3241,-2624,3086,0
-688,794,-1242,3549,-2176,2933,0
-736,979,-1515,3670,-2032,2737,0
-944,1323,-1718,3657,-2286,2438,0
-1061,995,-1504,3548,-3064,2043,0
-1498,486,-785,3444,-3246,1778,0
-1769,458,-702,3371,-2890,1739,0
-1943,596,-1151,3136,-2580,1857,0
-1919,743,-1770,2709,-2130,2061,0
-1959,723,-2132,2120,-1457,2309,0
-2364,223,-1241,1769,-114,2625,0
-2401,355,-2509,859,1134,3001,0
-2162,237,-2746,154,1130,3247,0
-1506,185,-2511,-555,201,3304,0
-523,338,-2073,-1012,-730,3077,0
48,676,-1675,-1236,-1060,2532,0
-198,863,-1495,-1289,-574,1850,0
-711,547,-1537,-1280,-281,1211,0
-1233,209,-1590,-1252,-444,710,0
-1498,182,-1501,-1185,-756,354,0
-1684,283,-1309,-1039,-1133,91,0
-1640,368,-1204,-820,-1600,-126,0
-1400,321,-1282,-684,-2076,-345,0
-1380,247,-1276,-352,-2337,-549,0
-1518,233,-1303,-192,-2386,-651,0
-1521,205,-1270,-85,-2249,-660,0
-1588,242,-1268,1,-2064,-604,0
-1506,236,-1287,44,-2088,-496,0
-1483,217,-1303,31,-1465,-346,0
-1526,286,-1240,78,-1166,-211,0
-1752,339,-1292,91,-1031,-70,0
-1848,330,-1196,113,-1130,71,0
-1934,277,-1099,144,-1209,193,0
-1991,193,-1058,180,-1233,269,0
-1868,202,-1088,207,-1355,259,0
-1691,261,-1101,222,-1427,140,0
-1627,334,-1115,231,-1377,-50,0
-1706,420,-1127,240,-1308,-242,0
-1727,408,-1122,244,-1252,-407,0
-1752,340,-1092,241,-1189,-536,0
-1768,255,-1073,231,-1055,-629,0
-1790,228,-1086,204,-916,-697,0
-1853,288,-1097,165,-643,-729,0
-1859,224,-1094,114,-661,-755,0
-2059,217,-1005,70,-732,-749,0
-2160,242,-962,45,-868,-706,0
-2219,214,-942,33,-1092,-660,0
-2217,250,-964,29,-1220,-617,0
-2098,256,-1011,27,-1527,-621,0
-2028,308,-985,27,-1681,-657,0
-1934,251,-930,33,-1660,-710,0
-1913,191,-951,28,-1610,-771,0
-1854,139,-960,1,-1525,-827,0
-1816,105,-941,-41,-1380,-887,0
-1797,150,-989,-104,-1236,-946,0
-1809,109,-807,-198,-1092,-999,0
-1727,185,-796,-211,-834,-1032,0
-1718,29,-941,-316,-831,-1081,0
-1737,8,-897,-411,-630,-1103,0
-1864,72,-853,-476,-361,-1091,0
-1895,87,-861,-520,-70,-1036,0
-1900,-6,-935,-546,-196,-976,0
-1986,8,-826,-539,-315,-875,0
-2035,-12,-736,-487,-333,-737,0
-2009,-21,-730,-422,-341,-590,0
-1974,-30,-736,-366,-369,-446,0
-1890,-31,-759,-332,-344,-327,0
-1785,-4,-859,-335,-307,-254,0
-1716,-27,-881,-374,-280,-234,0
-1680,-46,-870,-419,-260,-259,0
-1646,-41,-854,-453,-289,-321,0
-1666,13,-961,-516,-334,-395,0
-1682,-50,-772,-545,-337,-450,0
-1700,-56,-725,-469,-320,-486,0
-1767,-38,-697,-431,-271,-485,0
-1826,2,-660,-371,-238,-450,0
-1811,60,-631,-308,-262,-400,0
-1826,60,-636,-256,-275,-341,0
-1742,126,-679,-233,-275,-293,0
-1656,162,-710,-243,-209,-285,0
-1581,134,-694,-279,-124,-334,0
-1571,197,-719,-342,-44,-416,0
-1601,266,-701,-412,-2,-493,0
-1672,342,-689,-493,51,-534,0
-1744,421,-752,-589,55,-528,0
-1792,429,-786,-714,34,-478,0
-1714,438,-817,-881,65,-409,0
-1697,417,-781,-1069,157,-337,1
-1554,320,-669,-1229,66,-291,1
-1657,451,-505,-1324,-203,-272,1
-1442,625,-520,-1381,-268,-267,1
-1423,543,-456,-1362,-390,-274,1
-1366,590,-612,-1410,-325,-246,1
-1445,559,-736,-1514,-133,-175,1
-1500,543,-772,-1632,69,-50,1
-1394,627,-697,-1717,349,77,1
-1436,596,-643,-1783,590,189,1
-1422,555,-623,-1827,744,286,1
-1367,609,-634,-1853,815,341,1
-1449,596,-729,-1889,802,367,1
-1634,672,-763,-1931,659,432,1
-1925,668,-803,-1934,547,617,1
-1877,674,-884,-1918,496,852,1
-1733,605,-949,-1909,451,1026,1
-1601,543,-1020,-1924,419,1109,1
-1524,524,-1029,-1961,422,1099,1
-1266,371,-866,-1989,520,1044,1
-1539,451,-699,-1950,272,911,1
-1675,541,-606,-1828,143,817,1
-1891,494,-663,-1694,84,743,1
-1922,501,-873,-1580,82,687,1
-1856,474,-1092,-1510,140,591,1
-1926,391,-1336,-1516,284,492,1
-1911,391,-1385,-1560,374,408,1
-2023,347,-1284,-1611,423,349,1
-2277,282,-1101,-1626,291,360,1
-2487,216,-828,-1626,-77,463,1
-2498,234,-806,-1511,-555,606,1
-2408,213,-834,-1354,-1025,741,1
-2361,220,-1073,-1249,-1292,877,1
-2170,283,-1208,-1203,-1341,993,1
-2068,95,-1436,-1216,-1100,1066,1
-2269,500,-1559,-1292,-655,1157,1
-2081,-105,-1369,-1338,-847,1110,1
-2381,136,-1156,-1350,-875,1039,1
-2468,-31,-1061,-1357,-1078,925,1
-2490,68,-1277,-1380,-1483,739,1
-2509,98,-1443,-1363,-1678,525,1
-2693,148,-1571,-1393,-1640,348,1
-2810,264,-1418,-1359,-1451,203,1
-2993,215,-1122,-1218,-1127,105,1
-3127,241,-980,-914,-752,6,1
-3091,238,-872,-640,-523,-146,1
-3003,174,-736,-391,-376,-377,1
-2911,216,-751,-162,-315,-679,1
-3050,290,-806,-38,-300,-981,1
-3087,359,-815,41,-386,-1246,1
-3107,440,-831,58,-481,-1453,1
-3057,447,-792,34,-513,-1605,1
-2922,441,-803,-15,-466,-1742,1
-2791,370,-723,-71,-296,-1874,1
-2704,293,-589,-89,-66,-1999,1
-2673,227,-469,-54,184,-2119,1
-2748,164,-372,21,336,-2229,1
-2831,137,-311,109,335,-2319,1
-2894,123,-240,208,204,-2382,1
-2841,84,-78,377,54,-2458,1
-2750,93,-203,362,-17,-2542,1
-2662,150,-388,381,-21,-2637,1
-2695,165,-529,339,-2,-2728,1
-2649,144,-569,255,41,-2811,1
-2568,124,-507,166,89,-2906,1
-2486,79,-385,110,99,-3021,1
-2487,50,-180,74,91,-3127,1
-2509,25,8,133,-13,-3207,1
-2505,24,118,203,-185,-3258,1
-2500,7,98,284,-304,-3267,1
-2435,10,97,344,-345,-3247,1
-2246,26,119,391,-364,-3250,1
-2219,91,22,403,-390,-3278,1
-2184,45,-75,341,-477,-3306,1
-2082,-24,-94,215,-416,-3326,1
-1949,-8,-85,68,-329,-3368,1
-1913,-57,66,-50,-276,-3427,1
-2011,-119,224,-121,-341,-3464,1
-2024,-169,390,-150,-533,-3459,1
-1961,-190,463,-146,-757,-3418,1
-1836,-197,490,-139,-957,-3355,1
-1781,-134,405,-140,-1121,-3262,1
-1677,-96,205,-204,-1245,-3130,1
-1614,-156,47,-353,-1270,-2971,1
-1503,-135,18,-538,-1281,-2789,1
-1305,-205,98,-722,-1253,-2619,1
-1128,-272,124,-885,-1129,-2466,1
-960,-259,199,-1009,-1003,-2330,1
-892,-289,215,-1105,-836,-2200,1
-972,-311,216,-1192,-803,-2025,1
-972,-326,258,-1267,-825,-1806,1
-998,-357,276,-1321,-907,-1545,1
-1027,-402,377,-1338,-1011,-1236,1
-1024,-445,448,-1306,-1091,-897,1
-925,-404,386,-1269,-1253,-572,1
-768,-434,221,-1302,-1414,-287,1
-659,-461,35,-1412,-1456,-34,1
-507,-520,-98,-1579,-1381,170,1
-466,-522,-156,-1759,-1209,331,1
-566,-556,-100,-1913,-967,476,1
-664,-586,-15,-2018,-908,598,1
-729,-592,132,-2057,-978,690,1
-844,-570,13,-2064,-1135,756,1
-904,-751,631,-1997,-1442,830,1
-911,-641,371,-1790,-1658,934,1
-1001,-639,240,-1660,-1804,1099,1
-1009,-623,145,-1567,-1751,1327,1
-1062,-558,66,-1524,-1580,1595,1
-1129,-551,-23,-1537,-1403,1869,1
-1182,-478,21,-1604,-1374,2102,1
-1306,-475,-187,-1692,-1366,2283,1
-1309,-547,-470,-1840,-1273,2402,1
-1340,-557,-595,-2018,-1085,2435,1
-1322,-608,-552,-2166,-907,2365,1
-1368,-628,-473,-2242,-754,2197,1
-1444,-651,-312,-2251,-771,1981,1
-1635,-636,-171,-2191,-843,1787,1
-1858,-482,-37,-2266,-983,1696,1
-2065,-662,941,-1799,-1170,1720,1
-2397,-430,235,-1460,-1373,1851,1
-2601,-341,-388,-1298,-1468,2071,1
-2553,-409,-856,-1308,-1308,2284,1
-2398,-384,-1063,-1415,-1086,2387,1
-2313,-463,-1131,-1555,-774,2360,1
-2345,-446,-1175,-1701,-655,2244,1
-2341,-403,-960,-1796,-775,2092,1
-2449,-458,-617,-1800,-865,1958,1
-2689,-393,-212,-1658,-1169,1886,1
-2624,-364,137,-1360,-1778,1843,1
-2612,-271,170,-976,-2333,1797,1
-2617,-183,-151,-653,-2361,1789,0
-2552,-194,-480,-508,-1655,1788,0
-2537,-197,-813,-560,-435,1790,0
-2548,214,-1039,-767,386,1709,0
-2950,307,-990,-986,425,1564,0
-3066,156,-644,-1113,820,1414,0
-3035,208,-555,-1137,673,1168,0
-3034,308,-316,-1058,156,886,0
-2981,202,-128,-886,-244,610,0
-2891,77,-262,-712,-528,333,0
-2827,85,-439,-606,-718,70,0
-2678,147,-490,-561,-708,-159,0
-2488,143,-399,-543,-501,-368,0
-2471,125,-379,-531,-143,-543,0
-2548,77,-350,-523,81,-655,0
-2533,42,-239,-487,137,-701,0
-2465,27,-184,-410,153,-697,0
-2388,22,-175,-313,105,-665,0
-2362,29,-164,-207,13,-608,0
-2295,65,-159,-104,-137,-530,0
-2222,65,-200,-17,-208,-442,0
-2091,19,-264,37,-226,-365,0
-1962,-7,-278,58,-199,-313,0
-1882,-39,-205,67,-108,-290,0
-1836,-14,-246,59,-40,-287,0
-1833,-16,-153,38,-21,-290,0
-1825,-23,-73,32,-7,-285,0
-1810,-31,-50,34,10,-267,0
-1838,-44,-19,51,67,-225,0
-1899,-72,-14,83,119,-150,0
-1966,-78,-30,115,93,-47,0
-2009,-91,-18,137,45,69,0
-1954,-92,-25,139,9,163,0
-1852,-118,1,125,-20,211,0
-1744,-152,1,100,-13,201,0
-1659,-155,7,71,8,148,0
-1677,-131,-25,42,64,76,0
-1752,-150,-60,2,62,23,0
-1840,-192,-34,-45,60,5,0
-1916,-216,17,-78,102,34,0
-2009,-225,40,-93,134,93,0
-2026,-226,54,-94,104,162,0
-2025,-217,55,-83,84,227,0
-1988,-255,52,-65,88,277,0
-1954,-294,86,-37,121,302,0
-1958,-284,85,-4,183,312,0
-1995,-266,80,28,216,309,0
-2040,-242,38,52,209,297,0
-2084,-200,-27,55,168,279,0
-2096,-196,-48,40,133,251,0
-2134,-209,-103,4,121,214,0
-2130,-208,-137,-50,98,166,0
-2131,-197,-124,-100,79,110,0
-2150,-202,-33,-129,103,56,0
-2207,-247,5,-122,117,0,0
-2162,-225,-4,-94,79,-78,0
-2093,-148,-38,-59,3,-194,0
-1450,-217,-153,-36,20,-300,0
-2517,-267,-348,-69,494,-310,0
-2640,-167,-473,-170,658,-213,0
-2525,-93,-366,-293,817,-127,0
-2521,-151,-379,-411,1035,-105,1
-2380,-252,-343,-470,1060,-177,1
-2567,-269,-338,-467,990,-308,1
-2556,-257,-369,-408,1022,-460,1
-2626,-286,-450,-325,1101,-601,1
-2751,-325,-500,-227,1202,-722,1
-2850,-350,-531,-110,1175,-825,1
-2893,-405,-525,39,1109,-915,1
-2834,-428,-589,217,966,-1025,1
-2759,-436,-620,417,828,-1168,1
-2758,-438,-729,612,768,-1317,1
-2683,-411,-832,764,710,-1456,1
-2652,-418,-891,872,704,-1582,1
-2598,-426,-921,946,727,-1689,1
-2572,-413,-921,1013,724,-1787,1
-2525,-393,-933,1082,719,-1880,1
-2412,-395,-929,1161,717,-1981,1
-2324,-399,-923,1249,734,-2084,1
-2234,-462,-849,1360,777,-2172,1
-2145,-477,-812,1499,850,-2245,1
-2041,-484,-823,1635,874,-2297,1
-2045,-522,-794,1760,925,-2322,1
-1977,-490,-785,1873,929,-2314,1
-1909,-448,-799,1971,933,-2285,1
-1781,-475,-784,2048,919,-2250,1
-1703,-475,-737,2122,898,-2214,1
-1575,-436,-658,2199,905,-2173,1
-1558,-417,-618,2275,916,-2116,1
-1496,-400,-533,2346,871,-2045,1
-1437,-298,-480,2420,748,-1973,1
-1397,-302,-443,2464,628,-1878,1
-1337,-266,-434,2461,611,-1751,1
-1247,-218,-322,2430,553,-1614,1
-1214,-217,-228,2391,501,-1463,1
-1181,-252,-152,2344,463,-1283,1
-1126,-224,-136,2275,464,-1077,1
-1066,-223,-125,2183,453,-863,1
-989,-264,-97,2074,460,-651,1
-871,-273,-76,1960,483,-451,1
-773,-293,-34,1852,528,-274,1
-761,-321,-11,1757,565,-105,1
-738,-330,15,1670,532,60,1
-756,-388,61,1592,514,235,1
-824,-440,152,1530,483,431,1
-864,-433,282,1501,370,633,1
-918,-479,343,1499,222,843,1
-941,-506,326,1490,95,1065,1
-931,-517,341,1473,10,1293,1
-919,-541,283,1452,23,1523,1
-986,-571,183,1404,121,1758,1
-959,-551,121,1339,254,1975,1
-1019,-536,144,1270,394,2150,1
-1319,-582,233,1203,457,2329,1
-1551,-581,407,1168,291,2518,1
-1638,-597,572,1187,-41,2675,1
-1613,-650,725,1268,-456,2775,1
-1526,-600,746,1399,-848,2817,1
-1467,-592,596,1520,-986,2843,1
-1374,-532,365,1569,-823,2871,1
-1373,-492,190,1529,-415,2901,1
-1461,-445,117,1408,90,2929,1
-1715,-390,303,1265,439,2953,1
-2029,-382,572,1177,436,2980,1
-2360,-367,945,1177,130,3101,1
-2233,-356,1263,1339,-520,3165,1
-2335,-466,1092,1535,-1093,3164,1
-2227,-412,595,1642,-1179,3165,1
-2050,-361,161,1618,-776,3123,1
-1975,-353,-56,1500,-51,3008,1
-2134,-369,-91,1346,651,2821,1
-2334,-373,88,1216,1058,2581,1
-2696,-405,384,1174,1043,2323,1
-2910,-466,697,1252,666,2069,1
-2965,-478,815,1445,154,1809,1
-3025,-488,655,1679,-143,1555,1
-3062,-474,436,1871,-168,1308,1
-3082,-429,217,2008,-3,1038,1
-3169,-429,54,2091,212,742,1
-3227,-426,58,2147,400,429,1
-3308,-437,202,2228,509,103,1
-3441,-457,391,2344,408,-229,1
-3621,-464,536,2485,99,-534,1
-3634,-383,642,2630,-369,-804,1
-3525,-325,586,2745,-723,-1049,1
-3358,-305,476,2791,-896,-1274,1
-3166,-219,362,2780,-845,-1497,1
-3041,-191,329,2732,-730,-1734,1
-3000,-125,389,2670,-685,-1986,1
-2975,-188,427,2579,-638,-2211,1
-2863,-142,448,2468,-616,-2412,1
-2786,-148,471,2344,-552,-2589,1
-2779,-237,426,2201,-430,-2723,1
-2727,-248,511,2066,-409,-2840,1
-2692,-273,614,1973,-474,-2937,1
-2685,-255,500,1874,-579,-2988,1
-2580,-279,553,1758,-686,-2992,1
-2459,-272,518,1652,-694,-2963,1
-2355,-308,537,1556,-545,-2893,1
-2251,-365,618,1499,-407,-2796,1
-2110,-423,690,1486,-268,-2695,1
-2029,-489,732,1510,-176,-2612,1
-2004,-562,740,1558,-203,-2543,1
-1953,-660,751,1629,-271,-2476,1
-1845,-526,694,1721,-394,-2423,1
-1695,-482,568,1775,-560,-2379,1
-1648,-598,285,1728,-510,-2337,1
-1660,-540,311,1620,-478,-2249,1
-1539,-563,380,1486,-383,-2150,1
-1495,-638,535,1383,-360,-2073,1
-1384,-613,654,1372,-310,-2015,1
-1293,-698,762,1430,-159,-1969,1
-1340,-764,844,1564,26,-1924,1
-1310,-862,1025,1760,-23,-1903,1
-1277,-934,1016,1979,-52,-1913,1
-1265,-940,964,2178,-125,-1944,1
-1234,-772,805,2326,-227,-1981,0
-1477,-636,731,2396,21,-1964,0
-1595,-575,615,2368,142,-1870,0
-1732,-455,504,2246,138,-1681,0
-2075,-115,149,2069,-691,-1457,0
-1823,-272,615,1899,-968,-1192,0
-1415,-399,940,1768,-436,-921,0
-1347,-463,1052,1669,167,-692,0
-1459,-486,827,1570,-10,-496,0
-1510,-534,769,1453,-138,-307,0
-1420,-511,860,1326,-121,-135,0
-1312,-536,886,1211,-41,-6,0
-1309,-605,804,1093,-74,81,0
-1360,-722,769,972,-171,139,0
-1366,-767,836,875,-339,165,0
-1238,-767,990,833,-641,144,0
-1061,-775,1164,860,-864,70,0
-998,-794,1257,942,-865,-31,0
-1013,-817,1317,1058,-812,-137,0
-1060,-835,1323,1186,-865,-231,0
-1067,-848,1334,1314,-975,-311,0
-1031,-831,1389,1435,-1063,-387,0
-964,-779,1415,1539,-1111,-468,0
-913,-723,1333,1592,-1096,-555,0
-859,-736,1264,1576,-943,-637,0
-830,-758,1281,1514,-769,-715,0
-803,-734,1306,1436,-534,-780,0
-917,-754,1355,1363,-194,-817,0
-1091,-777,1405,1302,23,-822,0
-1206,-735,1483,1254,-36,-809,0
-1263,-654,1576,1225,-176,-776,0
-1271,-617,1714,1219,-395,-738,0
-1283,-534,1770,1226,-685,-684,0
-1272,-438,1795,1225,-908,-602,0
-1327,-414,1791,1204,-1062,-484,0
-1336,-456,1739,1139,-1230,-337,0
-1281,-509,1701,1034,-1338,-176,0
-1188,-546,1654,897,-1307,-4,0
-1004,-517,1591,736,-1121,157,0
-840,-476,1609,567,-768,289,0
-742,-436,1744,419,-341,383,0
-761,-503,1839,305,-282,422,0
-806,-455,1767,193,-365,445,0
-788,-401,1757,82,-428,453,0
-733,-429,1726,-21,-469,446,0
-749,-499,1722,-124,-421,443,0
-786,-534,1729,-220,-277,443,0
-837,-565,1744,-295,-87,442,0
-916,-526,1733,-345,-187,414,0
-843,-545,1834,-351,-248,380,0
-877,-559,1969,-309,-204,345,0
-898,-553,1982,-249,-247,322,0
-1038,-574,1984,-192,-169,334,0
-1081,-564,1948,-161,-140,370,0
-1097,-522,1885,-163,-194,415,0
-1060,-501,1875,-187,-211,458,0
-1099,-467,1870,-218,-276,498,0
-982,-430,1807,-263,-356,533,0
-942,-342,1770,-342,-321,565,0
-877,-367,1808,-461,-190,607,0
-893,-409,1747,-631,44,672,0
-1001,-400,1809,-821,34,733,1
-991,-362,2045,-939,-152,752,1
-942,-426,2219,-974,-343,735,1
-872,-329,2162,-989,-297,733,1
-928,-207,2134,-1034,-251,762,1
-964,-156,2132,-1106,-179,823,1
-1099,-155,2100,-1209,-96,929,1
-1191,-124,2082,-1341,-87,1079,1
-1249,-131,2142,-1480,-76,1244,1
-1355,-169,2094,-1622,-69,1410,1
-1429,-299,2091,-1769,-127,1563,1
-1310,-410,2130,-1890,-187,1650,1
-1099,-490,2205,-1960,-296,1622,1
-989,-533,2184,-1997,-339,1505,1
-983,-536,2129,-2045,-349,1360,1
-1077,-508,2052,-2120,-250,1235,1
-1286,-518,1876,-2264,-118,1161,1
-1520,-552,1692,-2503,-52,1152,1
-1650,-540,1558,-2808,-63,1185,1
-1679,-574,1422,-3149,-70,1232,1
-1775,-612,1318,-3506,-45,1284,1
-1779,-684,1330,-3825,-94,1320,1
-1631,-782,1410,-4041,-141,1286,1
-1312,-868,1551,-4111,-223,1110,1
-1055,-964,1560,-4048,-250,805,1
-937,-968,1450,-3921,-124,440,1
-970,-1002,1204,-3816,113,88,1
-1109,-1017,922,-3797,374,-193,1
-1371,-1076,714,-3861,620,-362,1
-1670,-1071,581,-3984,698,-409,1
-1865,-1063,513,-4131,517,-343,1
-1950,-1097,444,-4294,250,-177,1
-1989,-1047,325,-4465,-10,82,1
-1928,-1024,198,-4640,-168,403,1
-1697,-1178,149,-4785,-79,701,1
-1294,-1252,290,-4813,-53,842,1
-1034,-1251,150,-4750,33,838,1
-800,-1335,-38,-4649,275,733,1
-692,-1281,-82,-4500,557,578,1
-739,-1250,-320,-4365,1010,425,1
-953,-1246,-624,-4322,1327,325,1
-1162,-1217,-847,-4375,1504,315,1
-1431,-1203,-1151,-4512,1710,411,1
-1484,-1137,-1526,-4730,1838,566,1
-1476,-1119,-1699,-4978,1931,727,1
-1323,-1434,-1761,-5169,2209,869,1
-1191,-1553,-1422,-5130,2389,917,1
-1297,-1442,-1103,-4789,2472,935,1
-1554,-1334,-939,-4225,2327,1006,1
-1713,-1183,-961,-3577,1884,1150,1
-1705,-1104,-1216,-2984,1405,1353,1
-1538,-1134,-1426,-2515,1049,1564,1
-1173,-696,-2322,-1935,769,1691,1
-836,-775,-2242,-2127,925,1725,1
-699,-735,-2214,-2027,1196,1718,1
-621,-436,-2520,-2171,1584,1704,1
-727,-436,-2282,-2274,2039,1742,1
-858,-345,-2075,-2338,2418,1864,1
-980,-348,-1794,-2324,2823,2050,1
-1067,-443,-1554,-2208,2863,2234,1
-1048,-358,-1378,-1975,2517,2401,1
-1019,-349,-1513,-1709,2202,2569,1
-807,-298,-1766,-1478,1991,2714,1
-506,-260,-1874,-1270,2014,2778,1
-420,-280,-1970,-989,2299,2766,1
-580,-116,-2149,-819,2556,2725,1
-641,-358,-1566,-508,2594,2698,1
-915,-71,-2016,-99,2367,2700,1
-942,-95,-1859,78,2076,2720,1
-785,-99,-1875,348,1662,2724,1
-546,-122,-1942,575,1474,2687,1
-379,-122,-2054,789,1483,2595,1
-347,-90,-2109,984,1700,2487,1
-487,20,-2071,1166,1973,2412,1
-736,81,-2082,1336,2138,2409,1
-772,120,-2156,1476,2205,2450,1
-728,199,-2156,1584,2204,2464,1
-834,163,-2184,1646,2031,2445,1
-863,101,-2208,1660,1742,2422,1
-777,-25,-2167,1673,1451,2358,1
-714,-182,-2041,1745,1187,2239,1
-742,-264,-1939,1901,1005,2104,1
-785,-302,-1875,2125,874,1982,1
-856,-281,-1828,2387,777,1881,1
-813,-251,-1844,2654,761,1798,1
-758,-209,-1930,2877,861,1705,1
-789,-165,-1940,3042,943,1602,1
-876,-110,-1964,3156,896,1493,1
-990,-96,-1898,3219,565,1385,1
-1067,-272,-1798,3249,235,1297,1
-1142,-340,-1714,3261,-165,1216,1
-1143,-483,-1552,3282,-698,1129,1
-1134,-653,-1483,3300,-1154,1044,1
-1109,-793,-1436,3316,-1502,964,1
-1048,-797,-1321,3368,-1862,877,1
-998,-552,-1334,3464,-2110,773,1
-1017,-371,-1545,3482,-2425,690,1
-1027,-633,-1619,3345,-2409,664,1
-1011,-552,-1567,3124,-2319,689,1
-960,-618,-1270,2915,-2179,720,1
-1076,-748,-1054,2760,-1963,793,1
-1021,-731,-1213,2599,-1835,864,1
-971,-1128,-296,2473,-1740,901,1
-997,-889,-545,2712,-1804,906,1
-1046,-1208,-430,2641,-1902,903,1
-1151,-1128,-638,2912,-1984,890,1
-1266,-1108,-508,2986,-2046,894,1
-1505,-1104,-432,3081,-2192,926,1
-1586,-1112,-395,3172,-2441,986,1
-1514,-1118,-363,3237,-2497,1046,1
-1699,-1003,-318,3315,-2701,1099,1
-1719,-936,-444,3359,-2877,1197,1
-1635,-650,-620,3291,-2782,1317,1
-1324,-639,-561,3118,-2332,1425,1
-1281,-757,-486,2822,-2318,1439,1
-1235,-903,-590,2412,-1832,1378,1
-1066,-870,-644,1898,-1525,1220,1
-1115,-576,-170,1357,-1441,1013,1
-1300,-524,-82,1062,-1240,890,1
-1460,-506,262,838,-926,908,1
-1498,-701,894,988,-609,991,1
-1505,-873,819,1223,-411,1049,1
-1654,-998,772,1578,-571,1048,1
-1679,-945,658,1764,-873,1007,1
-1777,-375,223,1813,-1299,945,1
-1699,-631,161,1681,-1683,908,1
-2037,289,-308,1392,-1371,996,1
-1295,-1346,228,917,-1617,1053,1
-1484,-59,290,826,-1295,1065,1
-1189,-410,632,635,-1208,1073,1
-1201,-465,622,512,-865,1077,1
-1234,-648,485,370,-468,1047,1
-1299,-908,359,198,-124,937,1
-1337,-1086,509,79,95,727,1
-1506,-1272,668,80,338,472,1
-1783,-1195,773,182,277,221,1
-2108,-1122,870,362,25,23,1
-2314,-944,763,569,-442,-112,0
-2222,-791,742,745,-902,-172,0
-2080,-548,554,879,-1244,-133,0
-2108,-924,775,1012,-761,16,0
-2461,-1250,984,1101,257,368,0
-2880,-1191,472,1037,-241,781,0
-2532,-1017,550,861,-517,1170,0
-2128,-899,631,658,-177,1384,0
-2105,-893,513,408,-142,1426,0
-2235,-890,460,127,-387,1372,0
-2200,-780,553,-104,-777,1311,0
-1884,-671,476,-294,-1182,1200,0
-1859,-717,606,-390,-1184,1095,0
-1761,-716,755,-390,-851,1039,0
-1708,-653,854,-292,-365,993,0
-1749,-611,791,-164,200,954,0
-1928,-705,759,-45,578,939,0
-1950,-843,845,61,657,926,0
-1916,-855,880,162,443,867,0
-2093,-641,755,230,226,792,0
-2097,-445,643,256,79,710,0
-1897,-371,587,252,-239,587,0
-1794,-408,767,258,-436,458,0
-1802,-373,750,267,-484,352,0
-1875,-349,642,237,-515,291,0
-1910,-441,601,169,-428,294,0
-1906,-577,642,71,-190,335,0
-1971,-634,645,-33,111,391,0
